-- MySQL dump 10.13  Distrib 8.0.44, for Win64 (x86_64)
--
-- Host: localhost    Database: farma_norte
-- ------------------------------------------------------
-- Server version	8.0.44

/*!40101 SET @OLD_CHARACTER_SET_CLIENT=@@CHARACTER_SET_CLIENT */;
/*!40101 SET @OLD_CHARACTER_SET_RESULTS=@@CHARACTER_SET_RESULTS */;
/*!40101 SET @OLD_COLLATION_CONNECTION=@@COLLATION_CONNECTION */;
/*!50503 SET NAMES utf8 */;
/*!40103 SET @OLD_TIME_ZONE=@@TIME_ZONE */;
/*!40103 SET TIME_ZONE='+00:00' */;
/*!40014 SET @OLD_UNIQUE_CHECKS=@@UNIQUE_CHECKS, UNIQUE_CHECKS=0 */;
/*!40014 SET @OLD_FOREIGN_KEY_CHECKS=@@FOREIGN_KEY_CHECKS, FOREIGN_KEY_CHECKS=0 */;
/*!40101 SET @OLD_SQL_MODE=@@SQL_MODE, SQL_MODE='NO_AUTO_VALUE_ON_ZERO' */;
/*!40111 SET @OLD_SQL_NOTES=@@SQL_NOTES, SQL_NOTES=0 */;

--
-- Table structure for table `datos_farmacia`
--

DROP TABLE IF EXISTS `datos_farmacia`;
/*!40101 SET @saved_cs_client     = @@character_set_client */;
/*!50503 SET character_set_client = utf8mb4 */;
CREATE TABLE `datos_farmacia` (
  `id` int NOT NULL AUTO_INCREMENT,
  `nombre_farmacia` varchar(255) NOT NULL,
  `codigo_sucursal` varchar(100) NOT NULL,
  `ubicacion` varchar(255) NOT NULL,
  PRIMARY KEY (`id`)
) ENGINE=InnoDB AUTO_INCREMENT=2 DEFAULT CHARSET=utf8mb4 COLLATE=utf8mb4_0900_ai_ci;
/*!40101 SET character_set_client = @saved_cs_client */;

--
-- Dumping data for table `datos_farmacia`
--

LOCK TABLES `datos_farmacia` WRITE;
/*!40000 ALTER TABLE `datos_farmacia` DISABLE KEYS */;
INSERT INTO `datos_farmacia` VALUES (1,'Farma Norte','SUC-001','Sede Central');
/*!40000 ALTER TABLE `datos_farmacia` ENABLE KEYS */;
UNLOCK TABLES;

--
-- Table structure for table `historial_movimientos`
--

DROP TABLE IF EXISTS `historial_movimientos`;
/*!40101 SET @saved_cs_client     = @@character_set_client */;
/*!50503 SET character_set_client = utf8mb4 */;
CREATE TABLE `historial_movimientos` (
  `id_movimiento` int NOT NULL AUTO_INCREMENT,
  `id_lote` int NOT NULL,
  `id_usuario` int NOT NULL,
  `tipo_movimiento` enum('Entrada','Salida') NOT NULL,
  `cantidad` int NOT NULL,
  `fecha_hora` timestamp NULL DEFAULT CURRENT_TIMESTAMP,
  PRIMARY KEY (`id_movimiento`),
  KEY `id_lote` (`id_lote`),
  KEY `id_usuario` (`id_usuario`),
  CONSTRAINT `historial_movimientos_ibfk_1` FOREIGN KEY (`id_lote`) REFERENCES `lote_inventario` (`id_lote`),
  CONSTRAINT `historial_movimientos_ibfk_2` FOREIGN KEY (`id_usuario`) REFERENCES `usuarios` (`id_usuario`)
) ENGINE=InnoDB AUTO_INCREMENT=2 DEFAULT CHARSET=utf8mb4 COLLATE=utf8mb4_0900_ai_ci;
/*!40101 SET character_set_client = @saved_cs_client */;

--
-- Dumping data for table `historial_movimientos`
--

LOCK TABLES `historial_movimientos` WRITE;
/*!40000 ALTER TABLE `historial_movimientos` DISABLE KEYS */;
INSERT INTO `historial_movimientos` VALUES (1,9,1,'Entrada',30,'2026-07-16 04:09:01');
/*!40000 ALTER TABLE `historial_movimientos` ENABLE KEYS */;
UNLOCK TABLES;

--
-- Table structure for table `lote_inventario`
--

DROP TABLE IF EXISTS `lote_inventario`;
/*!40101 SET @saved_cs_client     = @@character_set_client */;
/*!50503 SET character_set_client = utf8mb4 */;
CREATE TABLE `lote_inventario` (
  `id_lote` int NOT NULL AUTO_INCREMENT,
  `id_medicamento` int NOT NULL,
  `numero_lote` varchar(100) NOT NULL,
  `stock_actual` int DEFAULT '0',
  `fecha_vencimiento` date NOT NULL,
  PRIMARY KEY (`id_lote`),
  UNIQUE KEY `uq_medicamento_lote` (`id_medicamento`,`numero_lote`),
  CONSTRAINT `lote_inventario_ibfk_1` FOREIGN KEY (`id_medicamento`) REFERENCES `medicamentos` (`id_medicamento`)
) ENGINE=InnoDB AUTO_INCREMENT=10 DEFAULT CHARSET=utf8mb4 COLLATE=utf8mb4_0900_ai_ci;
/*!40101 SET character_set_client = @saved_cs_client */;

--
-- Dumping data for table `lote_inventario`
--

LOCK TABLES `lote_inventario` WRITE;
/*!40000 ALTER TABLE `lote_inventario` DISABLE KEYS */;
INSERT INTO `lote_inventario` VALUES (1,1,'LOT-IBU-101',100,'2028-05-30'),(2,2,'LOT-DES-102',60,'2027-10-15'),(3,3,'LOT-ACE-103',130,'2028-03-22'),(4,4,'LOT-LOR-104',50,'2027-08-12'),(5,5,'LOT-OME-105',120,'2028-01-20'),(6,6,'LOT-DIC-106',80,'2027-12-05'),(7,7,'LOT-LOS-107',90,'2028-06-15'),(8,8,'LOT-AMO-108',40,'2027-11-30'),(9,9,'LOT-2026-OME1',30,'2027-10-10');
/*!40000 ALTER TABLE `lote_inventario` ENABLE KEYS */;
UNLOCK TABLES;

--
-- Table structure for table `medicamentos`
--

DROP TABLE IF EXISTS `medicamentos`;
/*!40101 SET @saved_cs_client     = @@character_set_client */;
/*!50503 SET character_set_client = utf8mb4 */;
CREATE TABLE `medicamentos` (
  `id_medicamento` int NOT NULL AUTO_INCREMENT,
  `codigo_barra` varchar(255) DEFAULT NULL,
  `nombre` varchar(200) NOT NULL,
  `descripcion` text,
  `presentacion` varchar(100) DEFAULT NULL,
  `categoria` varchar(150) DEFAULT NULL,
  PRIMARY KEY (`id_medicamento`),
  UNIQUE KEY `codigo_barra` (`codigo_barra`)
) ENGINE=InnoDB AUTO_INCREMENT=10 DEFAULT CHARSET=utf8mb4 COLLATE=utf8mb4_0900_ai_ci;
/*!40101 SET character_set_client = @saved_cs_client */;

--
-- Dumping data for table `medicamentos`
--

LOCK TABLES `medicamentos` WRITE;
/*!40000 ALTER TABLE `medicamentos` DISABLE KEYS */;
INSERT INTO `medicamentos` VALUES (1,'101','Ibuprofeno 400 mg','Analgésico y antiinflamatorio no esteroideo para dolores moderados.','Caja de 20 tabletas','Antiinflamatorios'),(2,'102','Desloratadina 5 mg','Antihistamínico de acción prolongada que no produce somnolencia.','Caja de 10 tabletas','Línea Pediátrica'),(3,'103','Acetaminophen 500mg','Analgésico y antipirético para el alivio de la fiebre y malestares.','Caja de 24 tabletas','Analgésicos'),(4,'104','Loratadina 10mg','Antihistamínico para el alivio de alergias y rinitis.','Caja de 10 tabletas','Línea Pediátrica'),(5,'105','Omeprazol 20mg','Protector gástrico para la acidez y reflujo.','Caja de 30 cápsulas','Analgésicos'),(6,'106','Diclofenac Potásico 50mg','Analgésico y antiinflamatorio para dolores fuertes.','Caja de 20 tabletas','Antiinflamatorios'),(7,'107','Losartán Potásico 50mg','Antihipertensivo para el control de la presión alta.','Caja de 30 comprimidos','Analgésicos'),(8,'108','Amoxicilina 500mg','Antibiótico para combatir infecciones bacterianas.','Caja de 16 cápsulas','Antibióticos'),(9,NULL,'Omeprazol 20 mg',NULL,'analgesico','Analgésicos');
/*!40000 ALTER TABLE `medicamentos` ENABLE KEYS */;
UNLOCK TABLES;

--
-- Table structure for table `predicciones_demanda`
--

DROP TABLE IF EXISTS `predicciones_demanda`;
/*!40101 SET @saved_cs_client     = @@character_set_client */;
/*!50503 SET character_set_client = utf8mb4 */;
CREATE TABLE `predicciones_demanda` (
  `id_prediccion` int NOT NULL AUTO_INCREMENT,
  `id_medicamento` int NOT NULL,
  `fecha_prediccion` date NOT NULL,
  `cantidad_predicha` int NOT NULL,
  `factor_climatico` enum('Normal','Frente Frio','Temporada de Lluvias','Alta Temperatura') DEFAULT 'Normal',
  `probabilidad_alerta` enum('BAJA','MEDIA','ALTA') NOT NULL,
  `creado_el` timestamp NULL DEFAULT CURRENT_TIMESTAMP,
  PRIMARY KEY (`id_prediccion`),
  KEY `fk_prediccion_medicamento` (`id_medicamento`),
  CONSTRAINT `fk_prediccion_medicamento` FOREIGN KEY (`id_medicamento`) REFERENCES `medicamentos` (`id_medicamento`) ON DELETE CASCADE
) ENGINE=InnoDB AUTO_INCREMENT=1191 DEFAULT CHARSET=utf8mb4 COLLATE=utf8mb4_0900_ai_ci;
/*!40101 SET character_set_client = @saved_cs_client */;

--
-- Dumping data for table `predicciones_demanda`
--

LOCK TABLES `predicciones_demanda` WRITE;
/*!40000 ALTER TABLE `predicciones_demanda` DISABLE KEYS */;
INSERT INTO `predicciones_demanda` VALUES (1,1,'2026-07-14',18,'Temporada de Lluvias','BAJA','2026-07-14 00:39:00'),(2,1,'2026-07-15',20,'Temporada de Lluvias','BAJA','2026-07-14 00:39:00'),(3,1,'2026-07-16',20,'Temporada de Lluvias','BAJA','2026-07-14 00:39:00'),(4,1,'2026-07-17',25,'Temporada de Lluvias','BAJA','2026-07-14 00:39:00'),(5,1,'2026-07-18',23,'Temporada de Lluvias','BAJA','2026-07-14 00:39:00'),(6,1,'2026-07-19',23,'Temporada de Lluvias','BAJA','2026-07-14 00:39:00'),(7,1,'2026-07-20',18,'Temporada de Lluvias','BAJA','2026-07-14 00:39:00'),(8,2,'2026-07-14',8,'Temporada de Lluvias','BAJA','2026-07-14 00:39:00'),(9,2,'2026-07-15',11,'Temporada de Lluvias','BAJA','2026-07-14 00:39:00'),(10,2,'2026-07-16',11,'Temporada de Lluvias','BAJA','2026-07-14 00:39:00'),(11,2,'2026-07-17',13,'Temporada de Lluvias','BAJA','2026-07-14 00:39:00'),(12,2,'2026-07-18',13,'Temporada de Lluvias','BAJA','2026-07-14 00:39:00'),(13,2,'2026-07-19',13,'Temporada de Lluvias','BAJA','2026-07-14 00:39:00'),(14,2,'2026-07-20',8,'Temporada de Lluvias','BAJA','2026-07-14 00:39:00'),(15,3,'2026-07-14',13,'Temporada de Lluvias','BAJA','2026-07-14 00:39:00'),(16,3,'2026-07-15',15,'Temporada de Lluvias','BAJA','2026-07-14 00:39:00'),(17,3,'2026-07-16',15,'Temporada de Lluvias','BAJA','2026-07-14 00:39:00'),(18,3,'2026-07-17',17,'Temporada de Lluvias','BAJA','2026-07-14 00:39:00'),(19,3,'2026-07-18',17,'Temporada de Lluvias','BAJA','2026-07-14 00:39:00'),(20,3,'2026-07-19',17,'Temporada de Lluvias','BAJA','2026-07-14 00:39:00'),(21,3,'2026-07-20',13,'Temporada de Lluvias','BAJA','2026-07-14 00:39:00'),(22,4,'2026-07-14',13,'Temporada de Lluvias','BAJA','2026-07-14 00:39:00'),(23,4,'2026-07-15',15,'Temporada de Lluvias','BAJA','2026-07-14 00:39:00'),(24,4,'2026-07-16',15,'Temporada de Lluvias','BAJA','2026-07-14 00:39:00'),(25,4,'2026-07-17',17,'Temporada de Lluvias','BAJA','2026-07-14 00:39:00'),(26,4,'2026-07-18',17,'Temporada de Lluvias','BAJA','2026-07-14 00:39:00'),(27,4,'2026-07-19',17,'Temporada de Lluvias','BAJA','2026-07-14 00:39:00'),(28,4,'2026-07-20',13,'Temporada de Lluvias','BAJA','2026-07-14 00:39:00'),(29,5,'2026-07-14',13,'Temporada de Lluvias','BAJA','2026-07-14 00:39:00'),(30,5,'2026-07-15',15,'Temporada de Lluvias','BAJA','2026-07-14 00:39:00'),(31,5,'2026-07-16',15,'Temporada de Lluvias','BAJA','2026-07-14 00:39:00'),(32,5,'2026-07-17',17,'Temporada de Lluvias','BAJA','2026-07-14 00:39:00'),(33,5,'2026-07-18',17,'Temporada de Lluvias','BAJA','2026-07-14 00:39:00'),(34,5,'2026-07-19',17,'Temporada de Lluvias','BAJA','2026-07-14 00:39:00'),(35,5,'2026-07-20',13,'Temporada de Lluvias','BAJA','2026-07-14 00:39:00'),(36,6,'2026-07-14',13,'Temporada de Lluvias','BAJA','2026-07-14 00:39:00'),(37,6,'2026-07-15',15,'Temporada de Lluvias','BAJA','2026-07-14 00:39:00'),(38,6,'2026-07-16',15,'Temporada de Lluvias','BAJA','2026-07-14 00:39:00'),(39,6,'2026-07-17',17,'Temporada de Lluvias','BAJA','2026-07-14 00:39:00'),(40,6,'2026-07-18',17,'Temporada de Lluvias','BAJA','2026-07-14 00:39:00'),(41,6,'2026-07-19',17,'Temporada de Lluvias','BAJA','2026-07-14 00:39:00'),(42,6,'2026-07-20',13,'Temporada de Lluvias','BAJA','2026-07-14 00:39:00'),(43,7,'2026-07-14',13,'Temporada de Lluvias','BAJA','2026-07-14 00:39:00'),(44,7,'2026-07-15',15,'Temporada de Lluvias','BAJA','2026-07-14 00:39:00'),(45,7,'2026-07-16',15,'Temporada de Lluvias','BAJA','2026-07-14 00:39:00'),(46,7,'2026-07-17',17,'Temporada de Lluvias','BAJA','2026-07-14 00:39:00'),(47,7,'2026-07-18',17,'Temporada de Lluvias','BAJA','2026-07-14 00:39:00'),(48,7,'2026-07-19',17,'Temporada de Lluvias','BAJA','2026-07-14 00:39:00'),(49,7,'2026-07-20',13,'Temporada de Lluvias','BAJA','2026-07-14 00:39:00'),(50,8,'2026-07-14',13,'Temporada de Lluvias','BAJA','2026-07-14 00:39:00'),(51,8,'2026-07-15',15,'Temporada de Lluvias','BAJA','2026-07-14 00:39:00'),(52,8,'2026-07-16',15,'Temporada de Lluvias','BAJA','2026-07-14 00:39:00'),(53,8,'2026-07-17',17,'Temporada de Lluvias','BAJA','2026-07-14 00:39:00'),(54,8,'2026-07-18',17,'Temporada de Lluvias','BAJA','2026-07-14 00:39:00'),(55,8,'2026-07-19',17,'Temporada de Lluvias','BAJA','2026-07-14 00:39:00'),(56,8,'2026-07-20',13,'Temporada de Lluvias','BAJA','2026-07-14 00:39:00'),(57,9,'2026-07-18',17,'Temporada de Lluvias','BAJA','2026-07-18 01:09:07'),(58,9,'2026-07-19',17,'Temporada de Lluvias','BAJA','2026-07-18 01:09:07'),(59,9,'2026-07-20',13,'Temporada de Lluvias','BAJA','2026-07-18 01:09:07'),(60,9,'2026-07-21',13,'Temporada de Lluvias','BAJA','2026-07-18 01:09:07'),(61,9,'2026-07-22',15,'Temporada de Lluvias','BAJA','2026-07-18 01:09:07'),(62,9,'2026-07-23',15,'Temporada de Lluvias','BAJA','2026-07-18 01:09:07'),(63,9,'2026-07-24',17,'Temporada de Lluvias','BAJA','2026-07-18 01:09:07'),(64,1,'2026-07-18',23,'Temporada de Lluvias','BAJA','2026-07-18 01:09:07'),(65,1,'2026-07-19',23,'Temporada de Lluvias','BAJA','2026-07-18 01:09:07'),(66,1,'2026-07-20',18,'Temporada de Lluvias','BAJA','2026-07-18 01:09:07'),(67,1,'2026-07-21',18,'Temporada de Lluvias','BAJA','2026-07-18 01:09:07'),(68,1,'2026-07-22',20,'Temporada de Lluvias','BAJA','2026-07-18 01:09:07'),(69,1,'2026-07-23',20,'Temporada de Lluvias','BAJA','2026-07-18 01:09:07'),(70,1,'2026-07-24',25,'Temporada de Lluvias','BAJA','2026-07-18 01:09:07'),(71,2,'2026-07-18',13,'Temporada de Lluvias','BAJA','2026-07-18 01:09:07'),(72,2,'2026-07-19',13,'Temporada de Lluvias','BAJA','2026-07-18 01:09:07'),(73,2,'2026-07-20',8,'Temporada de Lluvias','BAJA','2026-07-18 01:09:07'),(74,2,'2026-07-21',8,'Temporada de Lluvias','BAJA','2026-07-18 01:09:07'),(75,2,'2026-07-22',11,'Temporada de Lluvias','BAJA','2026-07-18 01:09:07'),(76,2,'2026-07-23',11,'Temporada de Lluvias','BAJA','2026-07-18 01:09:07'),(77,2,'2026-07-24',13,'Temporada de Lluvias','BAJA','2026-07-18 01:09:07'),(78,3,'2026-07-18',17,'Temporada de Lluvias','BAJA','2026-07-18 01:09:07'),(79,3,'2026-07-19',17,'Temporada de Lluvias','BAJA','2026-07-18 01:09:07'),(80,3,'2026-07-20',13,'Temporada de Lluvias','BAJA','2026-07-18 01:09:07'),(81,3,'2026-07-21',13,'Temporada de Lluvias','BAJA','2026-07-18 01:09:07'),(82,3,'2026-07-22',15,'Temporada de Lluvias','BAJA','2026-07-18 01:09:07'),(83,3,'2026-07-23',15,'Temporada de Lluvias','BAJA','2026-07-18 01:09:07'),(84,3,'2026-07-24',17,'Temporada de Lluvias','BAJA','2026-07-18 01:09:07'),(85,4,'2026-07-18',17,'Temporada de Lluvias','BAJA','2026-07-18 01:09:07'),(86,4,'2026-07-19',17,'Temporada de Lluvias','BAJA','2026-07-18 01:09:07'),(87,4,'2026-07-20',13,'Temporada de Lluvias','BAJA','2026-07-18 01:09:07'),(88,4,'2026-07-21',13,'Temporada de Lluvias','BAJA','2026-07-18 01:09:07'),(89,4,'2026-07-22',15,'Temporada de Lluvias','BAJA','2026-07-18 01:09:07'),(90,4,'2026-07-23',15,'Temporada de Lluvias','BAJA','2026-07-18 01:09:07'),(91,4,'2026-07-24',17,'Temporada de Lluvias','BAJA','2026-07-18 01:09:07'),(92,5,'2026-07-18',17,'Temporada de Lluvias','BAJA','2026-07-18 01:09:07'),(93,5,'2026-07-19',17,'Temporada de Lluvias','BAJA','2026-07-18 01:09:07'),(94,5,'2026-07-20',13,'Temporada de Lluvias','BAJA','2026-07-18 01:09:07'),(95,5,'2026-07-21',13,'Temporada de Lluvias','BAJA','2026-07-18 01:09:07'),(96,5,'2026-07-22',15,'Temporada de Lluvias','BAJA','2026-07-18 01:09:07'),(97,5,'2026-07-23',15,'Temporada de Lluvias','BAJA','2026-07-18 01:09:07'),(98,5,'2026-07-24',17,'Temporada de Lluvias','BAJA','2026-07-18 01:09:07'),(99,6,'2026-07-18',17,'Temporada de Lluvias','BAJA','2026-07-18 01:09:07'),(100,6,'2026-07-19',17,'Temporada de Lluvias','BAJA','2026-07-18 01:09:07'),(101,6,'2026-07-20',13,'Temporada de Lluvias','BAJA','2026-07-18 01:09:07'),(102,6,'2026-07-21',13,'Temporada de Lluvias','BAJA','2026-07-18 01:09:07'),(103,6,'2026-07-22',15,'Temporada de Lluvias','BAJA','2026-07-18 01:09:07'),(104,6,'2026-07-23',15,'Temporada de Lluvias','BAJA','2026-07-18 01:09:07'),(105,6,'2026-07-24',17,'Temporada de Lluvias','BAJA','2026-07-18 01:09:07'),(106,7,'2026-07-18',17,'Temporada de Lluvias','BAJA','2026-07-18 01:09:07'),(107,7,'2026-07-19',17,'Temporada de Lluvias','BAJA','2026-07-18 01:09:07'),(108,7,'2026-07-20',13,'Temporada de Lluvias','BAJA','2026-07-18 01:09:07'),(109,7,'2026-07-21',13,'Temporada de Lluvias','BAJA','2026-07-18 01:09:07'),(110,7,'2026-07-22',15,'Temporada de Lluvias','BAJA','2026-07-18 01:09:07'),(111,7,'2026-07-23',15,'Temporada de Lluvias','BAJA','2026-07-18 01:09:07'),(112,7,'2026-07-24',17,'Temporada de Lluvias','BAJA','2026-07-18 01:09:07'),(113,8,'2026-07-18',17,'Temporada de Lluvias','BAJA','2026-07-18 01:09:07'),(114,8,'2026-07-19',17,'Temporada de Lluvias','BAJA','2026-07-18 01:09:07'),(115,8,'2026-07-20',13,'Temporada de Lluvias','BAJA','2026-07-18 01:09:07'),(116,8,'2026-07-21',13,'Temporada de Lluvias','BAJA','2026-07-18 01:09:07'),(117,8,'2026-07-22',15,'Temporada de Lluvias','BAJA','2026-07-18 01:09:07'),(118,8,'2026-07-23',15,'Temporada de Lluvias','BAJA','2026-07-18 01:09:07'),(119,8,'2026-07-24',17,'Temporada de Lluvias','BAJA','2026-07-18 01:09:07'),(120,9,'2026-07-18',17,'Temporada de Lluvias','BAJA','2026-07-18 03:03:53'),(121,9,'2026-07-19',17,'Temporada de Lluvias','BAJA','2026-07-18 03:03:53'),(122,9,'2026-07-20',13,'Temporada de Lluvias','BAJA','2026-07-18 03:03:53'),(123,9,'2026-07-21',13,'Temporada de Lluvias','BAJA','2026-07-18 03:03:53'),(124,9,'2026-07-22',15,'Temporada de Lluvias','BAJA','2026-07-18 03:03:53'),(125,9,'2026-07-23',15,'Temporada de Lluvias','BAJA','2026-07-18 03:03:53'),(126,9,'2026-07-24',17,'Temporada de Lluvias','BAJA','2026-07-18 03:03:54'),(127,1,'2026-07-18',23,'Temporada de Lluvias','BAJA','2026-07-18 03:03:54'),(128,1,'2026-07-19',23,'Temporada de Lluvias','BAJA','2026-07-18 03:03:54'),(129,1,'2026-07-20',18,'Temporada de Lluvias','BAJA','2026-07-18 03:03:54'),(130,1,'2026-07-21',18,'Temporada de Lluvias','BAJA','2026-07-18 03:03:54'),(131,1,'2026-07-22',20,'Temporada de Lluvias','BAJA','2026-07-18 03:03:54'),(132,1,'2026-07-23',20,'Temporada de Lluvias','BAJA','2026-07-18 03:03:54'),(133,1,'2026-07-24',25,'Temporada de Lluvias','BAJA','2026-07-18 03:03:54'),(134,2,'2026-07-18',13,'Temporada de Lluvias','BAJA','2026-07-18 03:03:54'),(135,2,'2026-07-19',13,'Temporada de Lluvias','BAJA','2026-07-18 03:03:54'),(136,2,'2026-07-20',8,'Temporada de Lluvias','BAJA','2026-07-18 03:03:54'),(137,2,'2026-07-21',8,'Temporada de Lluvias','BAJA','2026-07-18 03:03:54'),(138,2,'2026-07-22',11,'Temporada de Lluvias','BAJA','2026-07-18 03:03:54'),(139,2,'2026-07-23',11,'Temporada de Lluvias','BAJA','2026-07-18 03:03:54'),(140,2,'2026-07-24',13,'Temporada de Lluvias','BAJA','2026-07-18 03:03:54'),(141,3,'2026-07-18',17,'Temporada de Lluvias','BAJA','2026-07-18 03:03:54'),(142,3,'2026-07-19',17,'Temporada de Lluvias','BAJA','2026-07-18 03:03:54'),(143,3,'2026-07-20',13,'Temporada de Lluvias','BAJA','2026-07-18 03:03:54'),(144,3,'2026-07-21',13,'Temporada de Lluvias','BAJA','2026-07-18 03:03:54'),(145,3,'2026-07-22',15,'Temporada de Lluvias','BAJA','2026-07-18 03:03:54'),(146,3,'2026-07-23',15,'Temporada de Lluvias','BAJA','2026-07-18 03:03:54'),(147,3,'2026-07-24',17,'Temporada de Lluvias','BAJA','2026-07-18 03:03:54'),(148,4,'2026-07-18',17,'Temporada de Lluvias','BAJA','2026-07-18 03:03:54'),(149,4,'2026-07-19',17,'Temporada de Lluvias','BAJA','2026-07-18 03:03:54'),(150,4,'2026-07-20',13,'Temporada de Lluvias','BAJA','2026-07-18 03:03:54'),(151,4,'2026-07-21',13,'Temporada de Lluvias','BAJA','2026-07-18 03:03:54'),(152,4,'2026-07-22',15,'Temporada de Lluvias','BAJA','2026-07-18 03:03:54'),(153,4,'2026-07-23',15,'Temporada de Lluvias','BAJA','2026-07-18 03:03:54'),(154,4,'2026-07-24',17,'Temporada de Lluvias','BAJA','2026-07-18 03:03:54'),(155,5,'2026-07-18',17,'Temporada de Lluvias','BAJA','2026-07-18 03:03:54'),(156,5,'2026-07-19',17,'Temporada de Lluvias','BAJA','2026-07-18 03:03:54'),(157,5,'2026-07-20',13,'Temporada de Lluvias','BAJA','2026-07-18 03:03:54'),(158,5,'2026-07-21',13,'Temporada de Lluvias','BAJA','2026-07-18 03:03:54'),(159,5,'2026-07-22',15,'Temporada de Lluvias','BAJA','2026-07-18 03:03:54'),(160,5,'2026-07-23',15,'Temporada de Lluvias','BAJA','2026-07-18 03:03:54'),(161,5,'2026-07-24',17,'Temporada de Lluvias','BAJA','2026-07-18 03:03:54'),(162,6,'2026-07-18',17,'Temporada de Lluvias','BAJA','2026-07-18 03:03:54'),(163,6,'2026-07-19',17,'Temporada de Lluvias','BAJA','2026-07-18 03:03:54'),(164,6,'2026-07-20',13,'Temporada de Lluvias','BAJA','2026-07-18 03:03:54'),(165,6,'2026-07-21',13,'Temporada de Lluvias','BAJA','2026-07-18 03:03:54'),(166,6,'2026-07-22',15,'Temporada de Lluvias','BAJA','2026-07-18 03:03:54'),(167,6,'2026-07-23',15,'Temporada de Lluvias','BAJA','2026-07-18 03:03:54'),(168,6,'2026-07-24',17,'Temporada de Lluvias','BAJA','2026-07-18 03:03:54'),(169,7,'2026-07-18',17,'Temporada de Lluvias','BAJA','2026-07-18 03:03:54'),(170,7,'2026-07-19',17,'Temporada de Lluvias','BAJA','2026-07-18 03:03:54'),(171,7,'2026-07-20',13,'Temporada de Lluvias','BAJA','2026-07-18 03:03:54'),(172,7,'2026-07-21',13,'Temporada de Lluvias','BAJA','2026-07-18 03:03:54'),(173,7,'2026-07-22',15,'Temporada de Lluvias','BAJA','2026-07-18 03:03:54'),(174,7,'2026-07-23',15,'Temporada de Lluvias','BAJA','2026-07-18 03:03:54'),(175,7,'2026-07-24',17,'Temporada de Lluvias','BAJA','2026-07-18 03:03:54'),(176,8,'2026-07-18',17,'Temporada de Lluvias','BAJA','2026-07-18 03:03:54'),(177,8,'2026-07-19',17,'Temporada de Lluvias','BAJA','2026-07-18 03:03:54'),(178,8,'2026-07-20',13,'Temporada de Lluvias','BAJA','2026-07-18 03:03:54'),(179,8,'2026-07-21',13,'Temporada de Lluvias','BAJA','2026-07-18 03:03:54'),(180,8,'2026-07-22',15,'Temporada de Lluvias','BAJA','2026-07-18 03:03:54'),(181,8,'2026-07-23',15,'Temporada de Lluvias','BAJA','2026-07-18 03:03:54'),(182,8,'2026-07-24',17,'Temporada de Lluvias','BAJA','2026-07-18 03:03:55'),(183,9,'2026-07-18',17,'Temporada de Lluvias','BAJA','2026-07-18 03:21:30'),(184,9,'2026-07-19',17,'Temporada de Lluvias','BAJA','2026-07-18 03:21:30'),(185,9,'2026-07-20',13,'Temporada de Lluvias','BAJA','2026-07-18 03:21:30'),(186,9,'2026-07-21',13,'Temporada de Lluvias','BAJA','2026-07-18 03:21:30'),(187,9,'2026-07-22',15,'Temporada de Lluvias','BAJA','2026-07-18 03:21:30'),(188,9,'2026-07-23',15,'Temporada de Lluvias','BAJA','2026-07-18 03:21:30'),(189,9,'2026-07-24',17,'Temporada de Lluvias','BAJA','2026-07-18 03:21:30'),(190,1,'2026-07-18',23,'Temporada de Lluvias','BAJA','2026-07-18 03:21:30'),(191,1,'2026-07-19',23,'Temporada de Lluvias','BAJA','2026-07-18 03:21:30'),(192,1,'2026-07-20',18,'Temporada de Lluvias','BAJA','2026-07-18 03:21:30'),(193,1,'2026-07-21',18,'Temporada de Lluvias','BAJA','2026-07-18 03:21:30'),(194,1,'2026-07-22',20,'Temporada de Lluvias','BAJA','2026-07-18 03:21:30'),(195,1,'2026-07-23',20,'Temporada de Lluvias','BAJA','2026-07-18 03:21:30'),(196,1,'2026-07-24',25,'Temporada de Lluvias','BAJA','2026-07-18 03:21:30'),(197,2,'2026-07-18',13,'Temporada de Lluvias','BAJA','2026-07-18 03:21:30'),(198,2,'2026-07-19',13,'Temporada de Lluvias','BAJA','2026-07-18 03:21:30'),(199,2,'2026-07-20',8,'Temporada de Lluvias','BAJA','2026-07-18 03:21:30'),(200,2,'2026-07-21',8,'Temporada de Lluvias','BAJA','2026-07-18 03:21:30'),(201,2,'2026-07-22',11,'Temporada de Lluvias','BAJA','2026-07-18 03:21:30'),(202,2,'2026-07-23',11,'Temporada de Lluvias','BAJA','2026-07-18 03:21:30'),(203,2,'2026-07-24',13,'Temporada de Lluvias','BAJA','2026-07-18 03:21:30'),(204,3,'2026-07-18',17,'Temporada de Lluvias','BAJA','2026-07-18 03:21:30'),(205,3,'2026-07-19',17,'Temporada de Lluvias','BAJA','2026-07-18 03:21:30'),(206,3,'2026-07-20',13,'Temporada de Lluvias','BAJA','2026-07-18 03:21:30'),(207,3,'2026-07-21',13,'Temporada de Lluvias','BAJA','2026-07-18 03:21:30'),(208,3,'2026-07-22',15,'Temporada de Lluvias','BAJA','2026-07-18 03:21:30'),(209,3,'2026-07-23',15,'Temporada de Lluvias','BAJA','2026-07-18 03:21:30'),(210,3,'2026-07-24',17,'Temporada de Lluvias','BAJA','2026-07-18 03:21:30'),(211,4,'2026-07-18',17,'Temporada de Lluvias','BAJA','2026-07-18 03:21:30'),(212,4,'2026-07-19',17,'Temporada de Lluvias','BAJA','2026-07-18 03:21:30'),(213,4,'2026-07-20',13,'Temporada de Lluvias','BAJA','2026-07-18 03:21:30'),(214,4,'2026-07-21',13,'Temporada de Lluvias','BAJA','2026-07-18 03:21:30'),(215,4,'2026-07-22',15,'Temporada de Lluvias','BAJA','2026-07-18 03:21:30'),(216,4,'2026-07-23',15,'Temporada de Lluvias','BAJA','2026-07-18 03:21:30'),(217,4,'2026-07-24',17,'Temporada de Lluvias','BAJA','2026-07-18 03:21:30'),(218,5,'2026-07-18',17,'Temporada de Lluvias','BAJA','2026-07-18 03:21:30'),(219,5,'2026-07-19',17,'Temporada de Lluvias','BAJA','2026-07-18 03:21:30'),(220,5,'2026-07-20',13,'Temporada de Lluvias','BAJA','2026-07-18 03:21:30'),(221,5,'2026-07-21',13,'Temporada de Lluvias','BAJA','2026-07-18 03:21:30'),(222,5,'2026-07-22',15,'Temporada de Lluvias','BAJA','2026-07-18 03:21:30'),(223,5,'2026-07-23',15,'Temporada de Lluvias','BAJA','2026-07-18 03:21:30'),(224,5,'2026-07-24',17,'Temporada de Lluvias','BAJA','2026-07-18 03:21:30'),(225,6,'2026-07-18',17,'Temporada de Lluvias','BAJA','2026-07-18 03:21:30'),(226,6,'2026-07-19',17,'Temporada de Lluvias','BAJA','2026-07-18 03:21:30'),(227,6,'2026-07-20',13,'Temporada de Lluvias','BAJA','2026-07-18 03:21:30'),(228,6,'2026-07-21',13,'Temporada de Lluvias','BAJA','2026-07-18 03:21:30'),(229,6,'2026-07-22',15,'Temporada de Lluvias','BAJA','2026-07-18 03:21:30'),(230,6,'2026-07-23',15,'Temporada de Lluvias','BAJA','2026-07-18 03:21:30'),(231,6,'2026-07-24',17,'Temporada de Lluvias','BAJA','2026-07-18 03:21:30'),(232,7,'2026-07-18',17,'Temporada de Lluvias','BAJA','2026-07-18 03:21:30'),(233,7,'2026-07-19',17,'Temporada de Lluvias','BAJA','2026-07-18 03:21:30'),(234,7,'2026-07-20',13,'Temporada de Lluvias','BAJA','2026-07-18 03:21:30'),(235,7,'2026-07-21',13,'Temporada de Lluvias','BAJA','2026-07-18 03:21:30'),(236,7,'2026-07-22',15,'Temporada de Lluvias','BAJA','2026-07-18 03:21:30'),(237,7,'2026-07-23',15,'Temporada de Lluvias','BAJA','2026-07-18 03:21:30'),(238,7,'2026-07-24',17,'Temporada de Lluvias','BAJA','2026-07-18 03:21:30'),(239,8,'2026-07-18',17,'Temporada de Lluvias','BAJA','2026-07-18 03:21:30'),(240,8,'2026-07-19',17,'Temporada de Lluvias','BAJA','2026-07-18 03:21:30'),(241,8,'2026-07-20',13,'Temporada de Lluvias','BAJA','2026-07-18 03:21:30'),(242,8,'2026-07-21',13,'Temporada de Lluvias','BAJA','2026-07-18 03:21:30'),(243,8,'2026-07-22',15,'Temporada de Lluvias','BAJA','2026-07-18 03:21:30'),(244,8,'2026-07-23',15,'Temporada de Lluvias','BAJA','2026-07-18 03:21:30'),(245,8,'2026-07-24',17,'Temporada de Lluvias','BAJA','2026-07-18 03:21:30'),(246,9,'2026-07-18',17,'Temporada de Lluvias','BAJA','2026-07-18 03:23:08'),(247,9,'2026-07-19',17,'Temporada de Lluvias','BAJA','2026-07-18 03:23:08'),(248,9,'2026-07-20',13,'Temporada de Lluvias','BAJA','2026-07-18 03:23:08'),(249,9,'2026-07-21',13,'Temporada de Lluvias','BAJA','2026-07-18 03:23:08'),(250,9,'2026-07-22',15,'Temporada de Lluvias','BAJA','2026-07-18 03:23:08'),(251,9,'2026-07-23',15,'Temporada de Lluvias','BAJA','2026-07-18 03:23:08'),(252,9,'2026-07-24',17,'Temporada de Lluvias','BAJA','2026-07-18 03:23:08'),(253,1,'2026-07-18',23,'Temporada de Lluvias','BAJA','2026-07-18 03:23:08'),(254,1,'2026-07-19',23,'Temporada de Lluvias','BAJA','2026-07-18 03:23:08'),(255,1,'2026-07-20',18,'Temporada de Lluvias','BAJA','2026-07-18 03:23:08'),(256,1,'2026-07-21',18,'Temporada de Lluvias','BAJA','2026-07-18 03:23:08'),(257,1,'2026-07-22',20,'Temporada de Lluvias','BAJA','2026-07-18 03:23:08'),(258,1,'2026-07-23',20,'Temporada de Lluvias','BAJA','2026-07-18 03:23:08'),(259,1,'2026-07-24',25,'Temporada de Lluvias','BAJA','2026-07-18 03:23:08'),(260,2,'2026-07-18',13,'Temporada de Lluvias','BAJA','2026-07-18 03:23:08'),(261,2,'2026-07-19',13,'Temporada de Lluvias','BAJA','2026-07-18 03:23:08'),(262,2,'2026-07-20',8,'Temporada de Lluvias','BAJA','2026-07-18 03:23:08'),(263,2,'2026-07-21',8,'Temporada de Lluvias','BAJA','2026-07-18 03:23:08'),(264,2,'2026-07-22',11,'Temporada de Lluvias','BAJA','2026-07-18 03:23:08'),(265,2,'2026-07-23',11,'Temporada de Lluvias','BAJA','2026-07-18 03:23:08'),(266,2,'2026-07-24',13,'Temporada de Lluvias','BAJA','2026-07-18 03:23:08'),(267,3,'2026-07-18',17,'Temporada de Lluvias','BAJA','2026-07-18 03:23:08'),(268,3,'2026-07-19',17,'Temporada de Lluvias','BAJA','2026-07-18 03:23:08'),(269,3,'2026-07-20',13,'Temporada de Lluvias','BAJA','2026-07-18 03:23:08'),(270,3,'2026-07-21',13,'Temporada de Lluvias','BAJA','2026-07-18 03:23:08'),(271,3,'2026-07-22',15,'Temporada de Lluvias','BAJA','2026-07-18 03:23:08'),(272,3,'2026-07-23',15,'Temporada de Lluvias','BAJA','2026-07-18 03:23:08'),(273,3,'2026-07-24',17,'Temporada de Lluvias','BAJA','2026-07-18 03:23:08'),(274,4,'2026-07-18',17,'Temporada de Lluvias','BAJA','2026-07-18 03:23:08'),(275,4,'2026-07-19',17,'Temporada de Lluvias','BAJA','2026-07-18 03:23:08'),(276,4,'2026-07-20',13,'Temporada de Lluvias','BAJA','2026-07-18 03:23:08'),(277,4,'2026-07-21',13,'Temporada de Lluvias','BAJA','2026-07-18 03:23:08'),(278,4,'2026-07-22',15,'Temporada de Lluvias','BAJA','2026-07-18 03:23:08'),(279,4,'2026-07-23',15,'Temporada de Lluvias','BAJA','2026-07-18 03:23:08'),(280,4,'2026-07-24',17,'Temporada de Lluvias','BAJA','2026-07-18 03:23:08'),(281,5,'2026-07-18',17,'Temporada de Lluvias','BAJA','2026-07-18 03:23:08'),(282,5,'2026-07-19',17,'Temporada de Lluvias','BAJA','2026-07-18 03:23:08'),(283,5,'2026-07-20',13,'Temporada de Lluvias','BAJA','2026-07-18 03:23:08'),(284,5,'2026-07-21',13,'Temporada de Lluvias','BAJA','2026-07-18 03:23:08'),(285,5,'2026-07-22',15,'Temporada de Lluvias','BAJA','2026-07-18 03:23:08'),(286,5,'2026-07-23',15,'Temporada de Lluvias','BAJA','2026-07-18 03:23:08'),(287,5,'2026-07-24',17,'Temporada de Lluvias','BAJA','2026-07-18 03:23:08'),(288,6,'2026-07-18',17,'Temporada de Lluvias','BAJA','2026-07-18 03:23:08'),(289,6,'2026-07-19',17,'Temporada de Lluvias','BAJA','2026-07-18 03:23:08'),(290,6,'2026-07-20',13,'Temporada de Lluvias','BAJA','2026-07-18 03:23:08'),(291,6,'2026-07-21',13,'Temporada de Lluvias','BAJA','2026-07-18 03:23:08'),(292,6,'2026-07-22',15,'Temporada de Lluvias','BAJA','2026-07-18 03:23:08'),(293,6,'2026-07-23',15,'Temporada de Lluvias','BAJA','2026-07-18 03:23:08'),(294,6,'2026-07-24',17,'Temporada de Lluvias','BAJA','2026-07-18 03:23:08'),(295,7,'2026-07-18',17,'Temporada de Lluvias','BAJA','2026-07-18 03:23:09'),(296,7,'2026-07-19',17,'Temporada de Lluvias','BAJA','2026-07-18 03:23:09'),(297,7,'2026-07-20',13,'Temporada de Lluvias','BAJA','2026-07-18 03:23:09'),(298,7,'2026-07-21',13,'Temporada de Lluvias','BAJA','2026-07-18 03:23:09'),(299,7,'2026-07-22',15,'Temporada de Lluvias','BAJA','2026-07-18 03:23:09'),(300,7,'2026-07-23',15,'Temporada de Lluvias','BAJA','2026-07-18 03:23:09'),(301,7,'2026-07-24',17,'Temporada de Lluvias','BAJA','2026-07-18 03:23:09'),(302,8,'2026-07-18',17,'Temporada de Lluvias','BAJA','2026-07-18 03:23:09'),(303,8,'2026-07-19',17,'Temporada de Lluvias','BAJA','2026-07-18 03:23:09'),(304,8,'2026-07-20',13,'Temporada de Lluvias','BAJA','2026-07-18 03:23:09'),(305,8,'2026-07-21',13,'Temporada de Lluvias','BAJA','2026-07-18 03:23:09'),(306,8,'2026-07-22',15,'Temporada de Lluvias','BAJA','2026-07-18 03:23:09'),(307,8,'2026-07-23',15,'Temporada de Lluvias','BAJA','2026-07-18 03:23:09'),(308,8,'2026-07-24',17,'Temporada de Lluvias','BAJA','2026-07-18 03:23:09'),(309,9,'2026-07-18',17,'Temporada de Lluvias','BAJA','2026-07-18 03:24:00'),(310,9,'2026-07-19',17,'Temporada de Lluvias','BAJA','2026-07-18 03:24:00'),(311,9,'2026-07-20',13,'Temporada de Lluvias','BAJA','2026-07-18 03:24:00'),(312,9,'2026-07-21',13,'Temporada de Lluvias','BAJA','2026-07-18 03:24:00'),(313,9,'2026-07-22',15,'Temporada de Lluvias','BAJA','2026-07-18 03:24:00'),(314,9,'2026-07-23',15,'Temporada de Lluvias','BAJA','2026-07-18 03:24:00'),(315,9,'2026-07-24',17,'Temporada de Lluvias','BAJA','2026-07-18 03:24:00'),(316,1,'2026-07-18',23,'Temporada de Lluvias','BAJA','2026-07-18 03:24:00'),(317,1,'2026-07-19',23,'Temporada de Lluvias','BAJA','2026-07-18 03:24:00'),(318,1,'2026-07-20',18,'Temporada de Lluvias','BAJA','2026-07-18 03:24:00'),(319,1,'2026-07-21',18,'Temporada de Lluvias','BAJA','2026-07-18 03:24:00'),(320,1,'2026-07-22',20,'Temporada de Lluvias','BAJA','2026-07-18 03:24:00'),(321,1,'2026-07-23',20,'Temporada de Lluvias','BAJA','2026-07-18 03:24:00'),(322,1,'2026-07-24',25,'Temporada de Lluvias','BAJA','2026-07-18 03:24:00'),(323,2,'2026-07-18',13,'Temporada de Lluvias','BAJA','2026-07-18 03:24:00'),(324,2,'2026-07-19',13,'Temporada de Lluvias','BAJA','2026-07-18 03:24:00'),(325,2,'2026-07-20',8,'Temporada de Lluvias','BAJA','2026-07-18 03:24:00'),(326,2,'2026-07-21',8,'Temporada de Lluvias','BAJA','2026-07-18 03:24:00'),(327,2,'2026-07-22',11,'Temporada de Lluvias','BAJA','2026-07-18 03:24:00'),(328,2,'2026-07-23',11,'Temporada de Lluvias','BAJA','2026-07-18 03:24:00'),(329,2,'2026-07-24',13,'Temporada de Lluvias','BAJA','2026-07-18 03:24:00'),(330,3,'2026-07-18',17,'Temporada de Lluvias','BAJA','2026-07-18 03:24:00'),(331,3,'2026-07-19',17,'Temporada de Lluvias','BAJA','2026-07-18 03:24:00'),(332,3,'2026-07-20',13,'Temporada de Lluvias','BAJA','2026-07-18 03:24:00'),(333,3,'2026-07-21',13,'Temporada de Lluvias','BAJA','2026-07-18 03:24:00'),(334,3,'2026-07-22',15,'Temporada de Lluvias','BAJA','2026-07-18 03:24:00'),(335,3,'2026-07-23',15,'Temporada de Lluvias','BAJA','2026-07-18 03:24:00'),(336,3,'2026-07-24',17,'Temporada de Lluvias','BAJA','2026-07-18 03:24:00'),(337,4,'2026-07-18',17,'Temporada de Lluvias','BAJA','2026-07-18 03:24:00'),(338,4,'2026-07-19',17,'Temporada de Lluvias','BAJA','2026-07-18 03:24:00'),(339,4,'2026-07-20',13,'Temporada de Lluvias','BAJA','2026-07-18 03:24:00'),(340,4,'2026-07-21',13,'Temporada de Lluvias','BAJA','2026-07-18 03:24:00'),(341,4,'2026-07-22',15,'Temporada de Lluvias','BAJA','2026-07-18 03:24:00'),(342,4,'2026-07-23',15,'Temporada de Lluvias','BAJA','2026-07-18 03:24:00'),(343,4,'2026-07-24',17,'Temporada de Lluvias','BAJA','2026-07-18 03:24:00'),(344,5,'2026-07-18',17,'Temporada de Lluvias','BAJA','2026-07-18 03:24:00'),(345,5,'2026-07-19',17,'Temporada de Lluvias','BAJA','2026-07-18 03:24:00'),(346,5,'2026-07-20',13,'Temporada de Lluvias','BAJA','2026-07-18 03:24:00'),(347,5,'2026-07-21',13,'Temporada de Lluvias','BAJA','2026-07-18 03:24:00'),(348,5,'2026-07-22',15,'Temporada de Lluvias','BAJA','2026-07-18 03:24:00'),(349,5,'2026-07-23',15,'Temporada de Lluvias','BAJA','2026-07-18 03:24:00'),(350,5,'2026-07-24',17,'Temporada de Lluvias','BAJA','2026-07-18 03:24:00'),(351,6,'2026-07-18',17,'Temporada de Lluvias','BAJA','2026-07-18 03:24:00'),(352,6,'2026-07-19',17,'Temporada de Lluvias','BAJA','2026-07-18 03:24:00'),(353,6,'2026-07-20',13,'Temporada de Lluvias','BAJA','2026-07-18 03:24:00'),(354,6,'2026-07-21',13,'Temporada de Lluvias','BAJA','2026-07-18 03:24:00'),(355,6,'2026-07-22',15,'Temporada de Lluvias','BAJA','2026-07-18 03:24:00'),(356,6,'2026-07-23',15,'Temporada de Lluvias','BAJA','2026-07-18 03:24:00'),(357,6,'2026-07-24',17,'Temporada de Lluvias','BAJA','2026-07-18 03:24:00'),(358,7,'2026-07-18',17,'Temporada de Lluvias','BAJA','2026-07-18 03:24:00'),(359,7,'2026-07-19',17,'Temporada de Lluvias','BAJA','2026-07-18 03:24:00'),(360,7,'2026-07-20',13,'Temporada de Lluvias','BAJA','2026-07-18 03:24:00'),(361,7,'2026-07-21',13,'Temporada de Lluvias','BAJA','2026-07-18 03:24:00'),(362,7,'2026-07-22',15,'Temporada de Lluvias','BAJA','2026-07-18 03:24:00'),(363,7,'2026-07-23',15,'Temporada de Lluvias','BAJA','2026-07-18 03:24:00'),(364,7,'2026-07-24',17,'Temporada de Lluvias','BAJA','2026-07-18 03:24:00'),(365,8,'2026-07-18',17,'Temporada de Lluvias','BAJA','2026-07-18 03:24:00'),(366,8,'2026-07-19',17,'Temporada de Lluvias','BAJA','2026-07-18 03:24:00'),(367,8,'2026-07-20',13,'Temporada de Lluvias','BAJA','2026-07-18 03:24:00'),(368,8,'2026-07-21',13,'Temporada de Lluvias','BAJA','2026-07-18 03:24:00'),(369,8,'2026-07-22',15,'Temporada de Lluvias','BAJA','2026-07-18 03:24:00'),(370,8,'2026-07-23',15,'Temporada de Lluvias','BAJA','2026-07-18 03:24:00'),(371,8,'2026-07-24',17,'Temporada de Lluvias','BAJA','2026-07-18 03:24:00'),(372,9,'2026-07-18',17,'Temporada de Lluvias','BAJA','2026-07-18 03:24:54'),(373,9,'2026-07-19',17,'Temporada de Lluvias','BAJA','2026-07-18 03:24:54'),(374,9,'2026-07-20',13,'Temporada de Lluvias','BAJA','2026-07-18 03:24:54'),(375,9,'2026-07-21',13,'Temporada de Lluvias','BAJA','2026-07-18 03:24:54'),(376,9,'2026-07-22',15,'Temporada de Lluvias','BAJA','2026-07-18 03:24:54'),(377,9,'2026-07-23',15,'Temporada de Lluvias','BAJA','2026-07-18 03:24:54'),(378,9,'2026-07-24',17,'Temporada de Lluvias','BAJA','2026-07-18 03:24:54'),(379,1,'2026-07-18',23,'Temporada de Lluvias','BAJA','2026-07-18 03:24:54'),(380,1,'2026-07-19',23,'Temporada de Lluvias','BAJA','2026-07-18 03:24:54'),(381,1,'2026-07-20',18,'Temporada de Lluvias','BAJA','2026-07-18 03:24:54'),(382,1,'2026-07-21',18,'Temporada de Lluvias','BAJA','2026-07-18 03:24:54'),(383,1,'2026-07-22',20,'Temporada de Lluvias','BAJA','2026-07-18 03:24:54'),(384,1,'2026-07-23',20,'Temporada de Lluvias','BAJA','2026-07-18 03:24:54'),(385,1,'2026-07-24',25,'Temporada de Lluvias','BAJA','2026-07-18 03:24:54'),(386,2,'2026-07-18',13,'Temporada de Lluvias','BAJA','2026-07-18 03:24:54'),(387,2,'2026-07-19',13,'Temporada de Lluvias','BAJA','2026-07-18 03:24:54'),(388,2,'2026-07-20',8,'Temporada de Lluvias','BAJA','2026-07-18 03:24:54'),(389,2,'2026-07-21',8,'Temporada de Lluvias','BAJA','2026-07-18 03:24:54'),(390,2,'2026-07-22',11,'Temporada de Lluvias','BAJA','2026-07-18 03:24:54'),(391,2,'2026-07-23',11,'Temporada de Lluvias','BAJA','2026-07-18 03:24:54'),(392,2,'2026-07-24',13,'Temporada de Lluvias','BAJA','2026-07-18 03:24:54'),(393,3,'2026-07-18',17,'Temporada de Lluvias','BAJA','2026-07-18 03:24:54'),(394,3,'2026-07-19',17,'Temporada de Lluvias','BAJA','2026-07-18 03:24:54'),(395,3,'2026-07-20',13,'Temporada de Lluvias','BAJA','2026-07-18 03:24:54'),(396,3,'2026-07-21',13,'Temporada de Lluvias','BAJA','2026-07-18 03:24:54'),(397,3,'2026-07-22',15,'Temporada de Lluvias','BAJA','2026-07-18 03:24:54'),(398,3,'2026-07-23',15,'Temporada de Lluvias','BAJA','2026-07-18 03:24:54'),(399,3,'2026-07-24',17,'Temporada de Lluvias','BAJA','2026-07-18 03:24:54'),(400,4,'2026-07-18',17,'Temporada de Lluvias','BAJA','2026-07-18 03:24:54'),(401,4,'2026-07-19',17,'Temporada de Lluvias','BAJA','2026-07-18 03:24:54'),(402,4,'2026-07-20',13,'Temporada de Lluvias','BAJA','2026-07-18 03:24:54'),(403,4,'2026-07-21',13,'Temporada de Lluvias','BAJA','2026-07-18 03:24:54'),(404,4,'2026-07-22',15,'Temporada de Lluvias','BAJA','2026-07-18 03:24:54'),(405,4,'2026-07-23',15,'Temporada de Lluvias','BAJA','2026-07-18 03:24:54'),(406,4,'2026-07-24',17,'Temporada de Lluvias','BAJA','2026-07-18 03:24:54'),(407,5,'2026-07-18',17,'Temporada de Lluvias','BAJA','2026-07-18 03:24:54'),(408,5,'2026-07-19',17,'Temporada de Lluvias','BAJA','2026-07-18 03:24:54'),(409,5,'2026-07-20',13,'Temporada de Lluvias','BAJA','2026-07-18 03:24:54'),(410,5,'2026-07-21',13,'Temporada de Lluvias','BAJA','2026-07-18 03:24:54'),(411,5,'2026-07-22',15,'Temporada de Lluvias','BAJA','2026-07-18 03:24:54'),(412,5,'2026-07-23',15,'Temporada de Lluvias','BAJA','2026-07-18 03:24:54'),(413,5,'2026-07-24',17,'Temporada de Lluvias','BAJA','2026-07-18 03:24:54'),(414,6,'2026-07-18',17,'Temporada de Lluvias','BAJA','2026-07-18 03:24:54'),(415,6,'2026-07-19',17,'Temporada de Lluvias','BAJA','2026-07-18 03:24:54'),(416,6,'2026-07-20',13,'Temporada de Lluvias','BAJA','2026-07-18 03:24:54'),(417,6,'2026-07-21',13,'Temporada de Lluvias','BAJA','2026-07-18 03:24:54'),(418,6,'2026-07-22',15,'Temporada de Lluvias','BAJA','2026-07-18 03:24:54'),(419,6,'2026-07-23',15,'Temporada de Lluvias','BAJA','2026-07-18 03:24:54'),(420,6,'2026-07-24',17,'Temporada de Lluvias','BAJA','2026-07-18 03:24:54'),(421,7,'2026-07-18',17,'Temporada de Lluvias','BAJA','2026-07-18 03:24:54'),(422,7,'2026-07-19',17,'Temporada de Lluvias','BAJA','2026-07-18 03:24:54'),(423,7,'2026-07-20',13,'Temporada de Lluvias','BAJA','2026-07-18 03:24:54'),(424,7,'2026-07-21',13,'Temporada de Lluvias','BAJA','2026-07-18 03:24:54'),(425,7,'2026-07-22',15,'Temporada de Lluvias','BAJA','2026-07-18 03:24:54'),(426,7,'2026-07-23',15,'Temporada de Lluvias','BAJA','2026-07-18 03:24:54'),(427,7,'2026-07-24',17,'Temporada de Lluvias','BAJA','2026-07-18 03:24:54'),(428,8,'2026-07-18',17,'Temporada de Lluvias','BAJA','2026-07-18 03:24:54'),(429,8,'2026-07-19',17,'Temporada de Lluvias','BAJA','2026-07-18 03:24:54'),(430,8,'2026-07-20',13,'Temporada de Lluvias','BAJA','2026-07-18 03:24:54'),(431,8,'2026-07-21',13,'Temporada de Lluvias','BAJA','2026-07-18 03:24:54'),(432,8,'2026-07-22',15,'Temporada de Lluvias','BAJA','2026-07-18 03:24:54'),(433,8,'2026-07-23',15,'Temporada de Lluvias','BAJA','2026-07-18 03:24:54'),(434,8,'2026-07-24',17,'Temporada de Lluvias','BAJA','2026-07-18 03:24:54'),(435,9,'2026-07-18',17,'Temporada de Lluvias','BAJA','2026-07-18 03:33:38'),(436,9,'2026-07-19',17,'Temporada de Lluvias','BAJA','2026-07-18 03:33:38'),(437,9,'2026-07-20',13,'Temporada de Lluvias','BAJA','2026-07-18 03:33:38'),(438,9,'2026-07-21',13,'Temporada de Lluvias','BAJA','2026-07-18 03:33:38'),(439,9,'2026-07-22',15,'Temporada de Lluvias','BAJA','2026-07-18 03:33:38'),(440,9,'2026-07-23',15,'Temporada de Lluvias','BAJA','2026-07-18 03:33:38'),(441,9,'2026-07-24',17,'Temporada de Lluvias','BAJA','2026-07-18 03:33:38'),(442,1,'2026-07-18',23,'Temporada de Lluvias','BAJA','2026-07-18 03:33:38'),(443,1,'2026-07-19',23,'Temporada de Lluvias','BAJA','2026-07-18 03:33:38'),(444,1,'2026-07-20',18,'Temporada de Lluvias','BAJA','2026-07-18 03:33:38'),(445,1,'2026-07-21',18,'Temporada de Lluvias','BAJA','2026-07-18 03:33:38'),(446,1,'2026-07-22',20,'Temporada de Lluvias','BAJA','2026-07-18 03:33:38'),(447,1,'2026-07-23',20,'Temporada de Lluvias','BAJA','2026-07-18 03:33:38'),(448,1,'2026-07-24',25,'Temporada de Lluvias','BAJA','2026-07-18 03:33:38'),(449,2,'2026-07-18',13,'Temporada de Lluvias','BAJA','2026-07-18 03:33:38'),(450,2,'2026-07-19',13,'Temporada de Lluvias','BAJA','2026-07-18 03:33:38'),(451,2,'2026-07-20',8,'Temporada de Lluvias','BAJA','2026-07-18 03:33:38'),(452,2,'2026-07-21',8,'Temporada de Lluvias','BAJA','2026-07-18 03:33:38'),(453,2,'2026-07-22',11,'Temporada de Lluvias','BAJA','2026-07-18 03:33:38'),(454,2,'2026-07-23',11,'Temporada de Lluvias','BAJA','2026-07-18 03:33:38'),(455,2,'2026-07-24',13,'Temporada de Lluvias','BAJA','2026-07-18 03:33:38'),(456,3,'2026-07-18',17,'Temporada de Lluvias','BAJA','2026-07-18 03:33:38'),(457,3,'2026-07-19',17,'Temporada de Lluvias','BAJA','2026-07-18 03:33:38'),(458,3,'2026-07-20',13,'Temporada de Lluvias','BAJA','2026-07-18 03:33:38'),(459,3,'2026-07-21',13,'Temporada de Lluvias','BAJA','2026-07-18 03:33:38'),(460,3,'2026-07-22',15,'Temporada de Lluvias','BAJA','2026-07-18 03:33:38'),(461,3,'2026-07-23',15,'Temporada de Lluvias','BAJA','2026-07-18 03:33:38'),(462,3,'2026-07-24',17,'Temporada de Lluvias','BAJA','2026-07-18 03:33:38'),(463,4,'2026-07-18',17,'Temporada de Lluvias','BAJA','2026-07-18 03:33:38'),(464,4,'2026-07-19',17,'Temporada de Lluvias','BAJA','2026-07-18 03:33:38'),(465,4,'2026-07-20',13,'Temporada de Lluvias','BAJA','2026-07-18 03:33:38'),(466,4,'2026-07-21',13,'Temporada de Lluvias','BAJA','2026-07-18 03:33:38'),(467,4,'2026-07-22',15,'Temporada de Lluvias','BAJA','2026-07-18 03:33:38'),(468,4,'2026-07-23',15,'Temporada de Lluvias','BAJA','2026-07-18 03:33:38'),(469,4,'2026-07-24',17,'Temporada de Lluvias','BAJA','2026-07-18 03:33:38'),(470,5,'2026-07-18',17,'Temporada de Lluvias','BAJA','2026-07-18 03:33:38'),(471,5,'2026-07-19',17,'Temporada de Lluvias','BAJA','2026-07-18 03:33:38'),(472,5,'2026-07-20',13,'Temporada de Lluvias','BAJA','2026-07-18 03:33:38'),(473,5,'2026-07-21',13,'Temporada de Lluvias','BAJA','2026-07-18 03:33:38'),(474,5,'2026-07-22',15,'Temporada de Lluvias','BAJA','2026-07-18 03:33:38'),(475,5,'2026-07-23',15,'Temporada de Lluvias','BAJA','2026-07-18 03:33:38'),(476,5,'2026-07-24',17,'Temporada de Lluvias','BAJA','2026-07-18 03:33:38'),(477,6,'2026-07-18',17,'Temporada de Lluvias','BAJA','2026-07-18 03:33:38'),(478,6,'2026-07-19',17,'Temporada de Lluvias','BAJA','2026-07-18 03:33:38'),(479,6,'2026-07-20',13,'Temporada de Lluvias','BAJA','2026-07-18 03:33:38'),(480,6,'2026-07-21',13,'Temporada de Lluvias','BAJA','2026-07-18 03:33:38'),(481,6,'2026-07-22',15,'Temporada de Lluvias','BAJA','2026-07-18 03:33:38'),(482,6,'2026-07-23',15,'Temporada de Lluvias','BAJA','2026-07-18 03:33:38'),(483,6,'2026-07-24',17,'Temporada de Lluvias','BAJA','2026-07-18 03:33:38'),(484,7,'2026-07-18',17,'Temporada de Lluvias','BAJA','2026-07-18 03:33:38'),(485,7,'2026-07-19',17,'Temporada de Lluvias','BAJA','2026-07-18 03:33:38'),(486,7,'2026-07-20',13,'Temporada de Lluvias','BAJA','2026-07-18 03:33:38'),(487,7,'2026-07-21',13,'Temporada de Lluvias','BAJA','2026-07-18 03:33:38'),(488,7,'2026-07-22',15,'Temporada de Lluvias','BAJA','2026-07-18 03:33:38'),(489,7,'2026-07-23',15,'Temporada de Lluvias','BAJA','2026-07-18 03:33:38'),(490,7,'2026-07-24',17,'Temporada de Lluvias','BAJA','2026-07-18 03:33:38'),(491,8,'2026-07-18',17,'Temporada de Lluvias','BAJA','2026-07-18 03:33:38'),(492,8,'2026-07-19',17,'Temporada de Lluvias','BAJA','2026-07-18 03:33:38'),(493,8,'2026-07-20',13,'Temporada de Lluvias','BAJA','2026-07-18 03:33:38'),(494,8,'2026-07-21',13,'Temporada de Lluvias','BAJA','2026-07-18 03:33:38'),(495,8,'2026-07-22',15,'Temporada de Lluvias','BAJA','2026-07-18 03:33:38'),(496,8,'2026-07-23',15,'Temporada de Lluvias','BAJA','2026-07-18 03:33:38'),(497,8,'2026-07-24',17,'Temporada de Lluvias','BAJA','2026-07-18 03:33:38'),(498,9,'2026-07-18',17,'Temporada de Lluvias','BAJA','2026-07-18 03:33:48'),(499,9,'2026-07-19',17,'Temporada de Lluvias','BAJA','2026-07-18 03:33:48'),(500,9,'2026-07-20',13,'Temporada de Lluvias','BAJA','2026-07-18 03:33:48'),(501,9,'2026-07-21',13,'Temporada de Lluvias','BAJA','2026-07-18 03:33:48'),(502,9,'2026-07-22',15,'Temporada de Lluvias','BAJA','2026-07-18 03:33:48'),(503,9,'2026-07-23',15,'Temporada de Lluvias','BAJA','2026-07-18 03:33:48'),(504,9,'2026-07-24',17,'Temporada de Lluvias','BAJA','2026-07-18 03:33:48'),(505,1,'2026-07-18',23,'Temporada de Lluvias','BAJA','2026-07-18 03:33:48'),(506,1,'2026-07-19',23,'Temporada de Lluvias','BAJA','2026-07-18 03:33:48'),(507,1,'2026-07-20',18,'Temporada de Lluvias','BAJA','2026-07-18 03:33:48'),(508,1,'2026-07-21',18,'Temporada de Lluvias','BAJA','2026-07-18 03:33:48'),(509,1,'2026-07-22',20,'Temporada de Lluvias','BAJA','2026-07-18 03:33:48'),(510,1,'2026-07-23',20,'Temporada de Lluvias','BAJA','2026-07-18 03:33:48'),(511,1,'2026-07-24',25,'Temporada de Lluvias','BAJA','2026-07-18 03:33:48'),(512,2,'2026-07-18',13,'Temporada de Lluvias','BAJA','2026-07-18 03:33:48'),(513,2,'2026-07-19',13,'Temporada de Lluvias','BAJA','2026-07-18 03:33:48'),(514,2,'2026-07-20',8,'Temporada de Lluvias','BAJA','2026-07-18 03:33:48'),(515,2,'2026-07-21',8,'Temporada de Lluvias','BAJA','2026-07-18 03:33:48'),(516,2,'2026-07-22',11,'Temporada de Lluvias','BAJA','2026-07-18 03:33:48'),(517,2,'2026-07-23',11,'Temporada de Lluvias','BAJA','2026-07-18 03:33:48'),(518,2,'2026-07-24',13,'Temporada de Lluvias','BAJA','2026-07-18 03:33:48'),(519,3,'2026-07-18',17,'Temporada de Lluvias','BAJA','2026-07-18 03:33:48'),(520,3,'2026-07-19',17,'Temporada de Lluvias','BAJA','2026-07-18 03:33:48'),(521,3,'2026-07-20',13,'Temporada de Lluvias','BAJA','2026-07-18 03:33:48'),(522,3,'2026-07-21',13,'Temporada de Lluvias','BAJA','2026-07-18 03:33:48'),(523,3,'2026-07-22',15,'Temporada de Lluvias','BAJA','2026-07-18 03:33:48'),(524,3,'2026-07-23',15,'Temporada de Lluvias','BAJA','2026-07-18 03:33:48'),(525,3,'2026-07-24',17,'Temporada de Lluvias','BAJA','2026-07-18 03:33:48'),(526,4,'2026-07-18',17,'Temporada de Lluvias','BAJA','2026-07-18 03:33:48'),(527,4,'2026-07-19',17,'Temporada de Lluvias','BAJA','2026-07-18 03:33:48'),(528,4,'2026-07-20',13,'Temporada de Lluvias','BAJA','2026-07-18 03:33:48'),(529,4,'2026-07-21',13,'Temporada de Lluvias','BAJA','2026-07-18 03:33:48'),(530,4,'2026-07-22',15,'Temporada de Lluvias','BAJA','2026-07-18 03:33:48'),(531,4,'2026-07-23',15,'Temporada de Lluvias','BAJA','2026-07-18 03:33:48'),(532,4,'2026-07-24',17,'Temporada de Lluvias','BAJA','2026-07-18 03:33:48'),(533,5,'2026-07-18',17,'Temporada de Lluvias','BAJA','2026-07-18 03:33:48'),(534,5,'2026-07-19',17,'Temporada de Lluvias','BAJA','2026-07-18 03:33:48'),(535,5,'2026-07-20',13,'Temporada de Lluvias','BAJA','2026-07-18 03:33:48'),(536,5,'2026-07-21',13,'Temporada de Lluvias','BAJA','2026-07-18 03:33:48'),(537,5,'2026-07-22',15,'Temporada de Lluvias','BAJA','2026-07-18 03:33:48'),(538,5,'2026-07-23',15,'Temporada de Lluvias','BAJA','2026-07-18 03:33:48'),(539,5,'2026-07-24',17,'Temporada de Lluvias','BAJA','2026-07-18 03:33:48'),(540,6,'2026-07-18',17,'Temporada de Lluvias','BAJA','2026-07-18 03:33:48'),(541,6,'2026-07-19',17,'Temporada de Lluvias','BAJA','2026-07-18 03:33:48'),(542,6,'2026-07-20',13,'Temporada de Lluvias','BAJA','2026-07-18 03:33:48'),(543,6,'2026-07-21',13,'Temporada de Lluvias','BAJA','2026-07-18 03:33:48'),(544,6,'2026-07-22',15,'Temporada de Lluvias','BAJA','2026-07-18 03:33:48'),(545,6,'2026-07-23',15,'Temporada de Lluvias','BAJA','2026-07-18 03:33:48'),(546,6,'2026-07-24',17,'Temporada de Lluvias','BAJA','2026-07-18 03:33:48'),(547,7,'2026-07-18',17,'Temporada de Lluvias','BAJA','2026-07-18 03:33:48'),(548,7,'2026-07-19',17,'Temporada de Lluvias','BAJA','2026-07-18 03:33:48'),(549,7,'2026-07-20',13,'Temporada de Lluvias','BAJA','2026-07-18 03:33:48'),(550,7,'2026-07-21',13,'Temporada de Lluvias','BAJA','2026-07-18 03:33:48'),(551,7,'2026-07-22',15,'Temporada de Lluvias','BAJA','2026-07-18 03:33:48'),(552,7,'2026-07-23',15,'Temporada de Lluvias','BAJA','2026-07-18 03:33:48'),(553,7,'2026-07-24',17,'Temporada de Lluvias','BAJA','2026-07-18 03:33:48'),(554,8,'2026-07-18',17,'Temporada de Lluvias','BAJA','2026-07-18 03:33:48'),(555,8,'2026-07-19',17,'Temporada de Lluvias','BAJA','2026-07-18 03:33:48'),(556,8,'2026-07-20',13,'Temporada de Lluvias','BAJA','2026-07-18 03:33:48'),(557,8,'2026-07-21',13,'Temporada de Lluvias','BAJA','2026-07-18 03:33:48'),(558,8,'2026-07-22',15,'Temporada de Lluvias','BAJA','2026-07-18 03:33:48'),(559,8,'2026-07-23',15,'Temporada de Lluvias','BAJA','2026-07-18 03:33:48'),(560,8,'2026-07-24',17,'Temporada de Lluvias','BAJA','2026-07-18 03:33:48'),(561,9,'2026-07-18',17,'Temporada de Lluvias','BAJA','2026-07-18 03:36:29'),(562,9,'2026-07-19',17,'Temporada de Lluvias','BAJA','2026-07-18 03:36:29'),(563,9,'2026-07-20',13,'Temporada de Lluvias','BAJA','2026-07-18 03:36:29'),(564,9,'2026-07-21',13,'Temporada de Lluvias','BAJA','2026-07-18 03:36:29'),(565,9,'2026-07-22',15,'Temporada de Lluvias','BAJA','2026-07-18 03:36:29'),(566,9,'2026-07-23',15,'Temporada de Lluvias','BAJA','2026-07-18 03:36:29'),(567,9,'2026-07-24',17,'Temporada de Lluvias','BAJA','2026-07-18 03:36:29'),(568,1,'2026-07-18',23,'Temporada de Lluvias','BAJA','2026-07-18 03:36:29'),(569,1,'2026-07-19',23,'Temporada de Lluvias','BAJA','2026-07-18 03:36:29'),(570,1,'2026-07-20',18,'Temporada de Lluvias','BAJA','2026-07-18 03:36:29'),(571,1,'2026-07-21',18,'Temporada de Lluvias','BAJA','2026-07-18 03:36:29'),(572,1,'2026-07-22',20,'Temporada de Lluvias','BAJA','2026-07-18 03:36:29'),(573,1,'2026-07-23',20,'Temporada de Lluvias','BAJA','2026-07-18 03:36:29'),(574,1,'2026-07-24',25,'Temporada de Lluvias','BAJA','2026-07-18 03:36:29'),(575,2,'2026-07-18',13,'Temporada de Lluvias','BAJA','2026-07-18 03:36:29'),(576,2,'2026-07-19',13,'Temporada de Lluvias','BAJA','2026-07-18 03:36:29'),(577,2,'2026-07-20',8,'Temporada de Lluvias','BAJA','2026-07-18 03:36:29'),(578,2,'2026-07-21',8,'Temporada de Lluvias','BAJA','2026-07-18 03:36:29'),(579,2,'2026-07-22',11,'Temporada de Lluvias','BAJA','2026-07-18 03:36:29'),(580,2,'2026-07-23',11,'Temporada de Lluvias','BAJA','2026-07-18 03:36:29'),(581,2,'2026-07-24',13,'Temporada de Lluvias','BAJA','2026-07-18 03:36:29'),(582,3,'2026-07-18',17,'Temporada de Lluvias','BAJA','2026-07-18 03:36:29'),(583,3,'2026-07-19',17,'Temporada de Lluvias','BAJA','2026-07-18 03:36:29'),(584,3,'2026-07-20',13,'Temporada de Lluvias','BAJA','2026-07-18 03:36:29'),(585,3,'2026-07-21',13,'Temporada de Lluvias','BAJA','2026-07-18 03:36:29'),(586,3,'2026-07-22',15,'Temporada de Lluvias','BAJA','2026-07-18 03:36:29'),(587,3,'2026-07-23',15,'Temporada de Lluvias','BAJA','2026-07-18 03:36:29'),(588,3,'2026-07-24',17,'Temporada de Lluvias','BAJA','2026-07-18 03:36:29'),(589,4,'2026-07-18',17,'Temporada de Lluvias','BAJA','2026-07-18 03:36:29'),(590,4,'2026-07-19',17,'Temporada de Lluvias','BAJA','2026-07-18 03:36:29'),(591,4,'2026-07-20',13,'Temporada de Lluvias','BAJA','2026-07-18 03:36:29'),(592,4,'2026-07-21',13,'Temporada de Lluvias','BAJA','2026-07-18 03:36:29'),(593,4,'2026-07-22',15,'Temporada de Lluvias','BAJA','2026-07-18 03:36:29'),(594,4,'2026-07-23',15,'Temporada de Lluvias','BAJA','2026-07-18 03:36:29'),(595,4,'2026-07-24',17,'Temporada de Lluvias','BAJA','2026-07-18 03:36:29'),(596,5,'2026-07-18',17,'Temporada de Lluvias','BAJA','2026-07-18 03:36:29'),(597,5,'2026-07-19',17,'Temporada de Lluvias','BAJA','2026-07-18 03:36:29'),(598,5,'2026-07-20',13,'Temporada de Lluvias','BAJA','2026-07-18 03:36:29'),(599,5,'2026-07-21',13,'Temporada de Lluvias','BAJA','2026-07-18 03:36:29'),(600,5,'2026-07-22',15,'Temporada de Lluvias','BAJA','2026-07-18 03:36:29'),(601,5,'2026-07-23',15,'Temporada de Lluvias','BAJA','2026-07-18 03:36:29'),(602,5,'2026-07-24',17,'Temporada de Lluvias','BAJA','2026-07-18 03:36:29'),(603,6,'2026-07-18',17,'Temporada de Lluvias','BAJA','2026-07-18 03:36:29'),(604,6,'2026-07-19',17,'Temporada de Lluvias','BAJA','2026-07-18 03:36:29'),(605,6,'2026-07-20',13,'Temporada de Lluvias','BAJA','2026-07-18 03:36:29'),(606,6,'2026-07-21',13,'Temporada de Lluvias','BAJA','2026-07-18 03:36:29'),(607,6,'2026-07-22',15,'Temporada de Lluvias','BAJA','2026-07-18 03:36:29'),(608,6,'2026-07-23',15,'Temporada de Lluvias','BAJA','2026-07-18 03:36:29'),(609,6,'2026-07-24',17,'Temporada de Lluvias','BAJA','2026-07-18 03:36:29'),(610,7,'2026-07-18',17,'Temporada de Lluvias','BAJA','2026-07-18 03:36:29'),(611,7,'2026-07-19',17,'Temporada de Lluvias','BAJA','2026-07-18 03:36:29'),(612,7,'2026-07-20',13,'Temporada de Lluvias','BAJA','2026-07-18 03:36:29'),(613,7,'2026-07-21',13,'Temporada de Lluvias','BAJA','2026-07-18 03:36:29'),(614,7,'2026-07-22',15,'Temporada de Lluvias','BAJA','2026-07-18 03:36:29'),(615,7,'2026-07-23',15,'Temporada de Lluvias','BAJA','2026-07-18 03:36:29'),(616,7,'2026-07-24',17,'Temporada de Lluvias','BAJA','2026-07-18 03:36:29'),(617,8,'2026-07-18',17,'Temporada de Lluvias','BAJA','2026-07-18 03:36:29'),(618,8,'2026-07-19',17,'Temporada de Lluvias','BAJA','2026-07-18 03:36:29'),(619,8,'2026-07-20',13,'Temporada de Lluvias','BAJA','2026-07-18 03:36:29'),(620,8,'2026-07-21',13,'Temporada de Lluvias','BAJA','2026-07-18 03:36:29'),(621,8,'2026-07-22',15,'Temporada de Lluvias','BAJA','2026-07-18 03:36:29'),(622,8,'2026-07-23',15,'Temporada de Lluvias','BAJA','2026-07-18 03:36:29'),(623,8,'2026-07-24',17,'Temporada de Lluvias','BAJA','2026-07-18 03:36:29'),(624,9,'2026-07-18',17,'Temporada de Lluvias','BAJA','2026-07-18 03:37:17'),(625,9,'2026-07-19',17,'Temporada de Lluvias','BAJA','2026-07-18 03:37:17'),(626,9,'2026-07-20',13,'Temporada de Lluvias','BAJA','2026-07-18 03:37:17'),(627,9,'2026-07-21',13,'Temporada de Lluvias','BAJA','2026-07-18 03:37:17'),(628,9,'2026-07-22',15,'Temporada de Lluvias','BAJA','2026-07-18 03:37:17'),(629,9,'2026-07-23',15,'Temporada de Lluvias','BAJA','2026-07-18 03:37:17'),(630,9,'2026-07-24',17,'Temporada de Lluvias','BAJA','2026-07-18 03:37:17'),(631,1,'2026-07-18',23,'Temporada de Lluvias','BAJA','2026-07-18 03:37:17'),(632,1,'2026-07-19',23,'Temporada de Lluvias','BAJA','2026-07-18 03:37:17'),(633,1,'2026-07-20',18,'Temporada de Lluvias','BAJA','2026-07-18 03:37:17'),(634,1,'2026-07-21',18,'Temporada de Lluvias','BAJA','2026-07-18 03:37:17'),(635,1,'2026-07-22',20,'Temporada de Lluvias','BAJA','2026-07-18 03:37:17'),(636,1,'2026-07-23',20,'Temporada de Lluvias','BAJA','2026-07-18 03:37:17'),(637,1,'2026-07-24',25,'Temporada de Lluvias','BAJA','2026-07-18 03:37:17'),(638,2,'2026-07-18',13,'Temporada de Lluvias','BAJA','2026-07-18 03:37:17'),(639,2,'2026-07-19',13,'Temporada de Lluvias','BAJA','2026-07-18 03:37:17'),(640,2,'2026-07-20',8,'Temporada de Lluvias','BAJA','2026-07-18 03:37:17'),(641,2,'2026-07-21',8,'Temporada de Lluvias','BAJA','2026-07-18 03:37:17'),(642,2,'2026-07-22',11,'Temporada de Lluvias','BAJA','2026-07-18 03:37:17'),(643,2,'2026-07-23',11,'Temporada de Lluvias','BAJA','2026-07-18 03:37:17'),(644,2,'2026-07-24',13,'Temporada de Lluvias','BAJA','2026-07-18 03:37:17'),(645,3,'2026-07-18',17,'Temporada de Lluvias','BAJA','2026-07-18 03:37:17'),(646,3,'2026-07-19',17,'Temporada de Lluvias','BAJA','2026-07-18 03:37:17'),(647,3,'2026-07-20',13,'Temporada de Lluvias','BAJA','2026-07-18 03:37:17'),(648,3,'2026-07-21',13,'Temporada de Lluvias','BAJA','2026-07-18 03:37:17'),(649,3,'2026-07-22',15,'Temporada de Lluvias','BAJA','2026-07-18 03:37:17'),(650,3,'2026-07-23',15,'Temporada de Lluvias','BAJA','2026-07-18 03:37:17'),(651,3,'2026-07-24',17,'Temporada de Lluvias','BAJA','2026-07-18 03:37:17'),(652,4,'2026-07-18',17,'Temporada de Lluvias','BAJA','2026-07-18 03:37:17'),(653,4,'2026-07-19',17,'Temporada de Lluvias','BAJA','2026-07-18 03:37:17'),(654,4,'2026-07-20',13,'Temporada de Lluvias','BAJA','2026-07-18 03:37:17'),(655,4,'2026-07-21',13,'Temporada de Lluvias','BAJA','2026-07-18 03:37:17'),(656,4,'2026-07-22',15,'Temporada de Lluvias','BAJA','2026-07-18 03:37:17'),(657,4,'2026-07-23',15,'Temporada de Lluvias','BAJA','2026-07-18 03:37:17'),(658,4,'2026-07-24',17,'Temporada de Lluvias','BAJA','2026-07-18 03:37:17'),(659,5,'2026-07-18',17,'Temporada de Lluvias','BAJA','2026-07-18 03:37:17'),(660,5,'2026-07-19',17,'Temporada de Lluvias','BAJA','2026-07-18 03:37:17'),(661,5,'2026-07-20',13,'Temporada de Lluvias','BAJA','2026-07-18 03:37:17'),(662,5,'2026-07-21',13,'Temporada de Lluvias','BAJA','2026-07-18 03:37:17'),(663,5,'2026-07-22',15,'Temporada de Lluvias','BAJA','2026-07-18 03:37:17'),(664,5,'2026-07-23',15,'Temporada de Lluvias','BAJA','2026-07-18 03:37:17'),(665,5,'2026-07-24',17,'Temporada de Lluvias','BAJA','2026-07-18 03:37:17'),(666,6,'2026-07-18',17,'Temporada de Lluvias','BAJA','2026-07-18 03:37:17'),(667,6,'2026-07-19',17,'Temporada de Lluvias','BAJA','2026-07-18 03:37:17'),(668,6,'2026-07-20',13,'Temporada de Lluvias','BAJA','2026-07-18 03:37:17'),(669,6,'2026-07-21',13,'Temporada de Lluvias','BAJA','2026-07-18 03:37:17'),(670,6,'2026-07-22',15,'Temporada de Lluvias','BAJA','2026-07-18 03:37:17'),(671,6,'2026-07-23',15,'Temporada de Lluvias','BAJA','2026-07-18 03:37:17'),(672,6,'2026-07-24',17,'Temporada de Lluvias','BAJA','2026-07-18 03:37:17'),(673,7,'2026-07-18',17,'Temporada de Lluvias','BAJA','2026-07-18 03:37:17'),(674,7,'2026-07-19',17,'Temporada de Lluvias','BAJA','2026-07-18 03:37:17'),(675,7,'2026-07-20',13,'Temporada de Lluvias','BAJA','2026-07-18 03:37:17'),(676,7,'2026-07-21',13,'Temporada de Lluvias','BAJA','2026-07-18 03:37:17'),(677,7,'2026-07-22',15,'Temporada de Lluvias','BAJA','2026-07-18 03:37:17'),(678,7,'2026-07-23',15,'Temporada de Lluvias','BAJA','2026-07-18 03:37:17'),(679,7,'2026-07-24',17,'Temporada de Lluvias','BAJA','2026-07-18 03:37:17'),(680,8,'2026-07-18',17,'Temporada de Lluvias','BAJA','2026-07-18 03:37:17'),(681,8,'2026-07-19',17,'Temporada de Lluvias','BAJA','2026-07-18 03:37:17'),(682,8,'2026-07-20',13,'Temporada de Lluvias','BAJA','2026-07-18 03:37:17'),(683,8,'2026-07-21',13,'Temporada de Lluvias','BAJA','2026-07-18 03:37:17'),(684,8,'2026-07-22',15,'Temporada de Lluvias','BAJA','2026-07-18 03:37:17'),(685,8,'2026-07-23',15,'Temporada de Lluvias','BAJA','2026-07-18 03:37:17'),(686,8,'2026-07-24',17,'Temporada de Lluvias','BAJA','2026-07-18 03:37:17'),(687,9,'2026-07-18',17,'Temporada de Lluvias','BAJA','2026-07-18 03:37:56'),(688,9,'2026-07-19',17,'Temporada de Lluvias','BAJA','2026-07-18 03:37:56'),(689,9,'2026-07-20',13,'Temporada de Lluvias','BAJA','2026-07-18 03:37:56'),(690,9,'2026-07-21',13,'Temporada de Lluvias','BAJA','2026-07-18 03:37:56'),(691,9,'2026-07-22',15,'Temporada de Lluvias','BAJA','2026-07-18 03:37:56'),(692,9,'2026-07-23',15,'Temporada de Lluvias','BAJA','2026-07-18 03:37:56'),(693,9,'2026-07-24',17,'Temporada de Lluvias','BAJA','2026-07-18 03:37:56'),(694,1,'2026-07-18',23,'Temporada de Lluvias','BAJA','2026-07-18 03:37:56'),(695,1,'2026-07-19',23,'Temporada de Lluvias','BAJA','2026-07-18 03:37:56'),(696,1,'2026-07-20',18,'Temporada de Lluvias','BAJA','2026-07-18 03:37:56'),(697,1,'2026-07-21',18,'Temporada de Lluvias','BAJA','2026-07-18 03:37:56'),(698,1,'2026-07-22',20,'Temporada de Lluvias','BAJA','2026-07-18 03:37:56'),(699,1,'2026-07-23',20,'Temporada de Lluvias','BAJA','2026-07-18 03:37:56'),(700,1,'2026-07-24',25,'Temporada de Lluvias','BAJA','2026-07-18 03:37:56'),(701,2,'2026-07-18',13,'Temporada de Lluvias','BAJA','2026-07-18 03:37:56'),(702,2,'2026-07-19',13,'Temporada de Lluvias','BAJA','2026-07-18 03:37:56'),(703,2,'2026-07-20',8,'Temporada de Lluvias','BAJA','2026-07-18 03:37:56'),(704,2,'2026-07-21',8,'Temporada de Lluvias','BAJA','2026-07-18 03:37:56'),(705,2,'2026-07-22',11,'Temporada de Lluvias','BAJA','2026-07-18 03:37:56'),(706,2,'2026-07-23',11,'Temporada de Lluvias','BAJA','2026-07-18 03:37:56'),(707,2,'2026-07-24',13,'Temporada de Lluvias','BAJA','2026-07-18 03:37:56'),(708,3,'2026-07-18',17,'Temporada de Lluvias','BAJA','2026-07-18 03:37:56'),(709,3,'2026-07-19',17,'Temporada de Lluvias','BAJA','2026-07-18 03:37:56'),(710,3,'2026-07-20',13,'Temporada de Lluvias','BAJA','2026-07-18 03:37:56'),(711,3,'2026-07-21',13,'Temporada de Lluvias','BAJA','2026-07-18 03:37:56'),(712,3,'2026-07-22',15,'Temporada de Lluvias','BAJA','2026-07-18 03:37:56'),(713,3,'2026-07-23',15,'Temporada de Lluvias','BAJA','2026-07-18 03:37:56'),(714,3,'2026-07-24',17,'Temporada de Lluvias','BAJA','2026-07-18 03:37:56'),(715,4,'2026-07-18',17,'Temporada de Lluvias','BAJA','2026-07-18 03:37:56'),(716,4,'2026-07-19',17,'Temporada de Lluvias','BAJA','2026-07-18 03:37:56'),(717,4,'2026-07-20',13,'Temporada de Lluvias','BAJA','2026-07-18 03:37:56'),(718,4,'2026-07-21',13,'Temporada de Lluvias','BAJA','2026-07-18 03:37:56'),(719,4,'2026-07-22',15,'Temporada de Lluvias','BAJA','2026-07-18 03:37:56'),(720,4,'2026-07-23',15,'Temporada de Lluvias','BAJA','2026-07-18 03:37:56'),(721,4,'2026-07-24',17,'Temporada de Lluvias','BAJA','2026-07-18 03:37:56'),(722,5,'2026-07-18',17,'Temporada de Lluvias','BAJA','2026-07-18 03:37:56'),(723,5,'2026-07-19',17,'Temporada de Lluvias','BAJA','2026-07-18 03:37:56'),(724,5,'2026-07-20',13,'Temporada de Lluvias','BAJA','2026-07-18 03:37:56'),(725,5,'2026-07-21',13,'Temporada de Lluvias','BAJA','2026-07-18 03:37:56'),(726,5,'2026-07-22',15,'Temporada de Lluvias','BAJA','2026-07-18 03:37:56'),(727,5,'2026-07-23',15,'Temporada de Lluvias','BAJA','2026-07-18 03:37:56'),(728,5,'2026-07-24',17,'Temporada de Lluvias','BAJA','2026-07-18 03:37:56'),(729,6,'2026-07-18',17,'Temporada de Lluvias','BAJA','2026-07-18 03:37:57'),(730,6,'2026-07-19',17,'Temporada de Lluvias','BAJA','2026-07-18 03:37:57'),(731,6,'2026-07-20',13,'Temporada de Lluvias','BAJA','2026-07-18 03:37:57'),(732,6,'2026-07-21',13,'Temporada de Lluvias','BAJA','2026-07-18 03:37:57'),(733,6,'2026-07-22',15,'Temporada de Lluvias','BAJA','2026-07-18 03:37:57'),(734,6,'2026-07-23',15,'Temporada de Lluvias','BAJA','2026-07-18 03:37:57'),(735,6,'2026-07-24',17,'Temporada de Lluvias','BAJA','2026-07-18 03:37:57'),(736,7,'2026-07-18',17,'Temporada de Lluvias','BAJA','2026-07-18 03:37:57'),(737,7,'2026-07-19',17,'Temporada de Lluvias','BAJA','2026-07-18 03:37:57'),(738,7,'2026-07-20',13,'Temporada de Lluvias','BAJA','2026-07-18 03:37:57'),(739,7,'2026-07-21',13,'Temporada de Lluvias','BAJA','2026-07-18 03:37:57'),(740,7,'2026-07-22',15,'Temporada de Lluvias','BAJA','2026-07-18 03:37:57'),(741,7,'2026-07-23',15,'Temporada de Lluvias','BAJA','2026-07-18 03:37:57'),(742,7,'2026-07-24',17,'Temporada de Lluvias','BAJA','2026-07-18 03:37:57'),(743,8,'2026-07-18',17,'Temporada de Lluvias','BAJA','2026-07-18 03:37:57'),(744,8,'2026-07-19',17,'Temporada de Lluvias','BAJA','2026-07-18 03:37:57'),(745,8,'2026-07-20',13,'Temporada de Lluvias','BAJA','2026-07-18 03:37:57'),(746,8,'2026-07-21',13,'Temporada de Lluvias','BAJA','2026-07-18 03:37:57'),(747,8,'2026-07-22',15,'Temporada de Lluvias','BAJA','2026-07-18 03:37:57'),(748,8,'2026-07-23',15,'Temporada de Lluvias','BAJA','2026-07-18 03:37:57'),(749,8,'2026-07-24',17,'Temporada de Lluvias','BAJA','2026-07-18 03:37:57'),(750,9,'2026-07-18',17,'Temporada de Lluvias','BAJA','2026-07-18 03:39:41'),(751,9,'2026-07-19',17,'Temporada de Lluvias','BAJA','2026-07-18 03:39:41'),(752,9,'2026-07-20',13,'Temporada de Lluvias','BAJA','2026-07-18 03:39:41'),(753,9,'2026-07-21',13,'Temporada de Lluvias','BAJA','2026-07-18 03:39:41'),(754,9,'2026-07-22',15,'Temporada de Lluvias','BAJA','2026-07-18 03:39:41'),(755,9,'2026-07-23',15,'Temporada de Lluvias','BAJA','2026-07-18 03:39:41'),(756,9,'2026-07-24',17,'Temporada de Lluvias','BAJA','2026-07-18 03:39:41'),(757,1,'2026-07-18',23,'Temporada de Lluvias','BAJA','2026-07-18 03:39:41'),(758,1,'2026-07-19',23,'Temporada de Lluvias','BAJA','2026-07-18 03:39:41'),(759,1,'2026-07-20',18,'Temporada de Lluvias','BAJA','2026-07-18 03:39:41'),(760,1,'2026-07-21',18,'Temporada de Lluvias','BAJA','2026-07-18 03:39:41'),(761,1,'2026-07-22',20,'Temporada de Lluvias','BAJA','2026-07-18 03:39:41'),(762,1,'2026-07-23',20,'Temporada de Lluvias','BAJA','2026-07-18 03:39:41'),(763,1,'2026-07-24',25,'Temporada de Lluvias','BAJA','2026-07-18 03:39:41'),(764,2,'2026-07-18',13,'Temporada de Lluvias','BAJA','2026-07-18 03:39:41'),(765,2,'2026-07-19',13,'Temporada de Lluvias','BAJA','2026-07-18 03:39:41'),(766,2,'2026-07-20',8,'Temporada de Lluvias','BAJA','2026-07-18 03:39:41'),(767,2,'2026-07-21',8,'Temporada de Lluvias','BAJA','2026-07-18 03:39:41'),(768,2,'2026-07-22',11,'Temporada de Lluvias','BAJA','2026-07-18 03:39:41'),(769,2,'2026-07-23',11,'Temporada de Lluvias','BAJA','2026-07-18 03:39:41'),(770,2,'2026-07-24',13,'Temporada de Lluvias','BAJA','2026-07-18 03:39:41'),(771,3,'2026-07-18',17,'Temporada de Lluvias','BAJA','2026-07-18 03:39:41'),(772,3,'2026-07-19',17,'Temporada de Lluvias','BAJA','2026-07-18 03:39:41'),(773,3,'2026-07-20',13,'Temporada de Lluvias','BAJA','2026-07-18 03:39:41'),(774,3,'2026-07-21',13,'Temporada de Lluvias','BAJA','2026-07-18 03:39:41'),(775,3,'2026-07-22',15,'Temporada de Lluvias','BAJA','2026-07-18 03:39:41'),(776,3,'2026-07-23',15,'Temporada de Lluvias','BAJA','2026-07-18 03:39:41'),(777,3,'2026-07-24',17,'Temporada de Lluvias','BAJA','2026-07-18 03:39:41'),(778,4,'2026-07-18',17,'Temporada de Lluvias','BAJA','2026-07-18 03:39:41'),(779,4,'2026-07-19',17,'Temporada de Lluvias','BAJA','2026-07-18 03:39:41'),(780,4,'2026-07-20',13,'Temporada de Lluvias','BAJA','2026-07-18 03:39:41'),(781,4,'2026-07-21',13,'Temporada de Lluvias','BAJA','2026-07-18 03:39:41'),(782,4,'2026-07-22',15,'Temporada de Lluvias','BAJA','2026-07-18 03:39:41'),(783,4,'2026-07-23',15,'Temporada de Lluvias','BAJA','2026-07-18 03:39:41'),(784,4,'2026-07-24',17,'Temporada de Lluvias','BAJA','2026-07-18 03:39:41'),(785,5,'2026-07-18',17,'Temporada de Lluvias','BAJA','2026-07-18 03:39:41'),(786,5,'2026-07-19',17,'Temporada de Lluvias','BAJA','2026-07-18 03:39:41'),(787,5,'2026-07-20',13,'Temporada de Lluvias','BAJA','2026-07-18 03:39:41'),(788,5,'2026-07-21',13,'Temporada de Lluvias','BAJA','2026-07-18 03:39:41'),(789,5,'2026-07-22',15,'Temporada de Lluvias','BAJA','2026-07-18 03:39:41'),(790,5,'2026-07-23',15,'Temporada de Lluvias','BAJA','2026-07-18 03:39:41'),(791,5,'2026-07-24',17,'Temporada de Lluvias','BAJA','2026-07-18 03:39:41'),(792,6,'2026-07-18',17,'Temporada de Lluvias','BAJA','2026-07-18 03:39:41'),(793,6,'2026-07-19',17,'Temporada de Lluvias','BAJA','2026-07-18 03:39:41'),(794,6,'2026-07-20',13,'Temporada de Lluvias','BAJA','2026-07-18 03:39:41'),(795,6,'2026-07-21',13,'Temporada de Lluvias','BAJA','2026-07-18 03:39:41'),(796,6,'2026-07-22',15,'Temporada de Lluvias','BAJA','2026-07-18 03:39:41'),(797,6,'2026-07-23',15,'Temporada de Lluvias','BAJA','2026-07-18 03:39:41'),(798,6,'2026-07-24',17,'Temporada de Lluvias','BAJA','2026-07-18 03:39:41'),(799,7,'2026-07-18',17,'Temporada de Lluvias','BAJA','2026-07-18 03:39:41'),(800,7,'2026-07-19',17,'Temporada de Lluvias','BAJA','2026-07-18 03:39:41'),(801,7,'2026-07-20',13,'Temporada de Lluvias','BAJA','2026-07-18 03:39:41'),(802,7,'2026-07-21',13,'Temporada de Lluvias','BAJA','2026-07-18 03:39:41'),(803,7,'2026-07-22',15,'Temporada de Lluvias','BAJA','2026-07-18 03:39:41'),(804,7,'2026-07-23',15,'Temporada de Lluvias','BAJA','2026-07-18 03:39:41'),(805,7,'2026-07-24',17,'Temporada de Lluvias','BAJA','2026-07-18 03:39:41'),(806,8,'2026-07-18',17,'Temporada de Lluvias','BAJA','2026-07-18 03:39:41'),(807,8,'2026-07-19',17,'Temporada de Lluvias','BAJA','2026-07-18 03:39:41'),(808,8,'2026-07-20',13,'Temporada de Lluvias','BAJA','2026-07-18 03:39:41'),(809,8,'2026-07-21',13,'Temporada de Lluvias','BAJA','2026-07-18 03:39:41'),(810,8,'2026-07-22',15,'Temporada de Lluvias','BAJA','2026-07-18 03:39:41'),(811,8,'2026-07-23',15,'Temporada de Lluvias','BAJA','2026-07-18 03:39:41'),(812,8,'2026-07-24',17,'Temporada de Lluvias','BAJA','2026-07-18 03:39:41'),(813,9,'2026-07-18',17,'Temporada de Lluvias','BAJA','2026-07-18 03:41:45'),(814,9,'2026-07-19',17,'Temporada de Lluvias','BAJA','2026-07-18 03:41:45'),(815,9,'2026-07-20',13,'Temporada de Lluvias','BAJA','2026-07-18 03:41:45'),(816,9,'2026-07-21',13,'Temporada de Lluvias','BAJA','2026-07-18 03:41:45'),(817,9,'2026-07-22',15,'Temporada de Lluvias','BAJA','2026-07-18 03:41:45'),(818,9,'2026-07-23',15,'Temporada de Lluvias','BAJA','2026-07-18 03:41:45'),(819,9,'2026-07-24',17,'Temporada de Lluvias','BAJA','2026-07-18 03:41:45'),(820,1,'2026-07-18',23,'Temporada de Lluvias','BAJA','2026-07-18 03:41:45'),(821,1,'2026-07-19',23,'Temporada de Lluvias','BAJA','2026-07-18 03:41:45'),(822,1,'2026-07-20',18,'Temporada de Lluvias','BAJA','2026-07-18 03:41:45'),(823,1,'2026-07-21',18,'Temporada de Lluvias','BAJA','2026-07-18 03:41:45'),(824,1,'2026-07-22',20,'Temporada de Lluvias','BAJA','2026-07-18 03:41:45'),(825,1,'2026-07-23',20,'Temporada de Lluvias','BAJA','2026-07-18 03:41:45'),(826,1,'2026-07-24',25,'Temporada de Lluvias','BAJA','2026-07-18 03:41:45'),(827,2,'2026-07-18',13,'Temporada de Lluvias','BAJA','2026-07-18 03:41:45'),(828,2,'2026-07-19',13,'Temporada de Lluvias','BAJA','2026-07-18 03:41:45'),(829,2,'2026-07-20',8,'Temporada de Lluvias','BAJA','2026-07-18 03:41:45'),(830,2,'2026-07-21',8,'Temporada de Lluvias','BAJA','2026-07-18 03:41:45'),(831,2,'2026-07-22',11,'Temporada de Lluvias','BAJA','2026-07-18 03:41:45'),(832,2,'2026-07-23',11,'Temporada de Lluvias','BAJA','2026-07-18 03:41:45'),(833,2,'2026-07-24',13,'Temporada de Lluvias','BAJA','2026-07-18 03:41:45'),(834,3,'2026-07-18',17,'Temporada de Lluvias','BAJA','2026-07-18 03:41:45'),(835,3,'2026-07-19',17,'Temporada de Lluvias','BAJA','2026-07-18 03:41:45'),(836,3,'2026-07-20',13,'Temporada de Lluvias','BAJA','2026-07-18 03:41:45'),(837,3,'2026-07-21',13,'Temporada de Lluvias','BAJA','2026-07-18 03:41:45'),(838,3,'2026-07-22',15,'Temporada de Lluvias','BAJA','2026-07-18 03:41:45'),(839,3,'2026-07-23',15,'Temporada de Lluvias','BAJA','2026-07-18 03:41:45'),(840,3,'2026-07-24',17,'Temporada de Lluvias','BAJA','2026-07-18 03:41:45'),(841,4,'2026-07-18',17,'Temporada de Lluvias','BAJA','2026-07-18 03:41:45'),(842,4,'2026-07-19',17,'Temporada de Lluvias','BAJA','2026-07-18 03:41:45'),(843,4,'2026-07-20',13,'Temporada de Lluvias','BAJA','2026-07-18 03:41:45'),(844,4,'2026-07-21',13,'Temporada de Lluvias','BAJA','2026-07-18 03:41:45'),(845,4,'2026-07-22',15,'Temporada de Lluvias','BAJA','2026-07-18 03:41:45'),(846,4,'2026-07-23',15,'Temporada de Lluvias','BAJA','2026-07-18 03:41:45'),(847,4,'2026-07-24',17,'Temporada de Lluvias','BAJA','2026-07-18 03:41:45'),(848,5,'2026-07-18',17,'Temporada de Lluvias','BAJA','2026-07-18 03:41:45'),(849,5,'2026-07-19',17,'Temporada de Lluvias','BAJA','2026-07-18 03:41:45'),(850,5,'2026-07-20',13,'Temporada de Lluvias','BAJA','2026-07-18 03:41:45'),(851,5,'2026-07-21',13,'Temporada de Lluvias','BAJA','2026-07-18 03:41:45'),(852,5,'2026-07-22',15,'Temporada de Lluvias','BAJA','2026-07-18 03:41:45'),(853,5,'2026-07-23',15,'Temporada de Lluvias','BAJA','2026-07-18 03:41:45'),(854,5,'2026-07-24',17,'Temporada de Lluvias','BAJA','2026-07-18 03:41:45'),(855,6,'2026-07-18',17,'Temporada de Lluvias','BAJA','2026-07-18 03:41:45'),(856,6,'2026-07-19',17,'Temporada de Lluvias','BAJA','2026-07-18 03:41:45'),(857,6,'2026-07-20',13,'Temporada de Lluvias','BAJA','2026-07-18 03:41:45'),(858,6,'2026-07-21',13,'Temporada de Lluvias','BAJA','2026-07-18 03:41:45'),(859,6,'2026-07-22',15,'Temporada de Lluvias','BAJA','2026-07-18 03:41:45'),(860,6,'2026-07-23',15,'Temporada de Lluvias','BAJA','2026-07-18 03:41:45'),(861,6,'2026-07-24',17,'Temporada de Lluvias','BAJA','2026-07-18 03:41:45'),(862,7,'2026-07-18',17,'Temporada de Lluvias','BAJA','2026-07-18 03:41:45'),(863,7,'2026-07-19',17,'Temporada de Lluvias','BAJA','2026-07-18 03:41:45'),(864,7,'2026-07-20',13,'Temporada de Lluvias','BAJA','2026-07-18 03:41:45'),(865,7,'2026-07-21',13,'Temporada de Lluvias','BAJA','2026-07-18 03:41:45'),(866,7,'2026-07-22',15,'Temporada de Lluvias','BAJA','2026-07-18 03:41:45'),(867,7,'2026-07-23',15,'Temporada de Lluvias','BAJA','2026-07-18 03:41:45'),(868,7,'2026-07-24',17,'Temporada de Lluvias','BAJA','2026-07-18 03:41:45'),(869,8,'2026-07-18',17,'Temporada de Lluvias','BAJA','2026-07-18 03:41:45'),(870,8,'2026-07-19',17,'Temporada de Lluvias','BAJA','2026-07-18 03:41:45'),(871,8,'2026-07-20',13,'Temporada de Lluvias','BAJA','2026-07-18 03:41:45'),(872,8,'2026-07-21',13,'Temporada de Lluvias','BAJA','2026-07-18 03:41:45'),(873,8,'2026-07-22',15,'Temporada de Lluvias','BAJA','2026-07-18 03:41:45'),(874,8,'2026-07-23',15,'Temporada de Lluvias','BAJA','2026-07-18 03:41:45'),(875,8,'2026-07-24',17,'Temporada de Lluvias','BAJA','2026-07-18 03:41:45'),(876,9,'2026-07-18',17,'Temporada de Lluvias','BAJA','2026-07-18 03:46:12'),(877,9,'2026-07-19',17,'Temporada de Lluvias','BAJA','2026-07-18 03:46:12'),(878,9,'2026-07-20',13,'Temporada de Lluvias','BAJA','2026-07-18 03:46:12'),(879,9,'2026-07-21',13,'Temporada de Lluvias','BAJA','2026-07-18 03:46:12'),(880,9,'2026-07-22',15,'Temporada de Lluvias','BAJA','2026-07-18 03:46:12'),(881,9,'2026-07-23',15,'Temporada de Lluvias','BAJA','2026-07-18 03:46:12'),(882,9,'2026-07-24',17,'Temporada de Lluvias','BAJA','2026-07-18 03:46:12'),(883,1,'2026-07-18',23,'Temporada de Lluvias','BAJA','2026-07-18 03:46:12'),(884,1,'2026-07-19',23,'Temporada de Lluvias','BAJA','2026-07-18 03:46:12'),(885,1,'2026-07-20',18,'Temporada de Lluvias','BAJA','2026-07-18 03:46:12'),(886,1,'2026-07-21',18,'Temporada de Lluvias','BAJA','2026-07-18 03:46:12'),(887,1,'2026-07-22',20,'Temporada de Lluvias','BAJA','2026-07-18 03:46:12'),(888,1,'2026-07-23',20,'Temporada de Lluvias','BAJA','2026-07-18 03:46:12'),(889,1,'2026-07-24',25,'Temporada de Lluvias','BAJA','2026-07-18 03:46:12'),(890,2,'2026-07-18',13,'Temporada de Lluvias','BAJA','2026-07-18 03:46:12'),(891,2,'2026-07-19',13,'Temporada de Lluvias','BAJA','2026-07-18 03:46:12'),(892,2,'2026-07-20',8,'Temporada de Lluvias','BAJA','2026-07-18 03:46:12'),(893,2,'2026-07-21',8,'Temporada de Lluvias','BAJA','2026-07-18 03:46:12'),(894,2,'2026-07-22',11,'Temporada de Lluvias','BAJA','2026-07-18 03:46:12'),(895,2,'2026-07-23',11,'Temporada de Lluvias','BAJA','2026-07-18 03:46:12'),(896,2,'2026-07-24',13,'Temporada de Lluvias','BAJA','2026-07-18 03:46:12'),(897,3,'2026-07-18',17,'Temporada de Lluvias','BAJA','2026-07-18 03:46:12'),(898,3,'2026-07-19',17,'Temporada de Lluvias','BAJA','2026-07-18 03:46:12'),(899,3,'2026-07-20',13,'Temporada de Lluvias','BAJA','2026-07-18 03:46:12'),(900,3,'2026-07-21',13,'Temporada de Lluvias','BAJA','2026-07-18 03:46:12'),(901,3,'2026-07-22',15,'Temporada de Lluvias','BAJA','2026-07-18 03:46:12'),(902,3,'2026-07-23',15,'Temporada de Lluvias','BAJA','2026-07-18 03:46:12'),(903,3,'2026-07-24',17,'Temporada de Lluvias','BAJA','2026-07-18 03:46:12'),(904,4,'2026-07-18',17,'Temporada de Lluvias','BAJA','2026-07-18 03:46:12'),(905,4,'2026-07-19',17,'Temporada de Lluvias','BAJA','2026-07-18 03:46:12'),(906,4,'2026-07-20',13,'Temporada de Lluvias','BAJA','2026-07-18 03:46:12'),(907,4,'2026-07-21',13,'Temporada de Lluvias','BAJA','2026-07-18 03:46:12'),(908,4,'2026-07-22',15,'Temporada de Lluvias','BAJA','2026-07-18 03:46:12'),(909,4,'2026-07-23',15,'Temporada de Lluvias','BAJA','2026-07-18 03:46:12'),(910,4,'2026-07-24',17,'Temporada de Lluvias','BAJA','2026-07-18 03:46:12'),(911,5,'2026-07-18',17,'Temporada de Lluvias','BAJA','2026-07-18 03:46:12'),(912,5,'2026-07-19',17,'Temporada de Lluvias','BAJA','2026-07-18 03:46:12'),(913,5,'2026-07-20',13,'Temporada de Lluvias','BAJA','2026-07-18 03:46:12'),(914,5,'2026-07-21',13,'Temporada de Lluvias','BAJA','2026-07-18 03:46:12'),(915,5,'2026-07-22',15,'Temporada de Lluvias','BAJA','2026-07-18 03:46:12'),(916,5,'2026-07-23',15,'Temporada de Lluvias','BAJA','2026-07-18 03:46:12'),(917,5,'2026-07-24',17,'Temporada de Lluvias','BAJA','2026-07-18 03:46:12'),(918,6,'2026-07-18',17,'Temporada de Lluvias','BAJA','2026-07-18 03:46:12'),(919,6,'2026-07-19',17,'Temporada de Lluvias','BAJA','2026-07-18 03:46:12'),(920,6,'2026-07-20',13,'Temporada de Lluvias','BAJA','2026-07-18 03:46:12'),(921,6,'2026-07-21',13,'Temporada de Lluvias','BAJA','2026-07-18 03:46:12'),(922,6,'2026-07-22',15,'Temporada de Lluvias','BAJA','2026-07-18 03:46:12'),(923,6,'2026-07-23',15,'Temporada de Lluvias','BAJA','2026-07-18 03:46:12'),(924,6,'2026-07-24',17,'Temporada de Lluvias','BAJA','2026-07-18 03:46:12'),(925,7,'2026-07-18',17,'Temporada de Lluvias','BAJA','2026-07-18 03:46:12'),(926,7,'2026-07-19',17,'Temporada de Lluvias','BAJA','2026-07-18 03:46:12'),(927,7,'2026-07-20',13,'Temporada de Lluvias','BAJA','2026-07-18 03:46:12'),(928,7,'2026-07-21',13,'Temporada de Lluvias','BAJA','2026-07-18 03:46:12'),(929,7,'2026-07-22',15,'Temporada de Lluvias','BAJA','2026-07-18 03:46:12'),(930,7,'2026-07-23',15,'Temporada de Lluvias','BAJA','2026-07-18 03:46:12'),(931,7,'2026-07-24',17,'Temporada de Lluvias','BAJA','2026-07-18 03:46:12'),(932,8,'2026-07-18',17,'Temporada de Lluvias','BAJA','2026-07-18 03:46:12'),(933,8,'2026-07-19',17,'Temporada de Lluvias','BAJA','2026-07-18 03:46:12'),(934,8,'2026-07-20',13,'Temporada de Lluvias','BAJA','2026-07-18 03:46:12'),(935,8,'2026-07-21',13,'Temporada de Lluvias','BAJA','2026-07-18 03:46:12'),(936,8,'2026-07-22',15,'Temporada de Lluvias','BAJA','2026-07-18 03:46:12'),(937,8,'2026-07-23',15,'Temporada de Lluvias','BAJA','2026-07-18 03:46:12'),(938,8,'2026-07-24',17,'Temporada de Lluvias','BAJA','2026-07-18 03:46:12'),(939,9,'2026-07-18',17,'Temporada de Lluvias','BAJA','2026-07-18 03:46:41'),(940,9,'2026-07-19',17,'Temporada de Lluvias','BAJA','2026-07-18 03:46:41'),(941,9,'2026-07-20',13,'Temporada de Lluvias','BAJA','2026-07-18 03:46:41'),(942,9,'2026-07-21',13,'Temporada de Lluvias','BAJA','2026-07-18 03:46:41'),(943,9,'2026-07-22',15,'Temporada de Lluvias','BAJA','2026-07-18 03:46:41'),(944,9,'2026-07-23',15,'Temporada de Lluvias','BAJA','2026-07-18 03:46:41'),(945,9,'2026-07-24',17,'Temporada de Lluvias','BAJA','2026-07-18 03:46:41'),(946,1,'2026-07-18',23,'Temporada de Lluvias','BAJA','2026-07-18 03:46:41'),(947,1,'2026-07-19',23,'Temporada de Lluvias','BAJA','2026-07-18 03:46:41'),(948,1,'2026-07-20',18,'Temporada de Lluvias','BAJA','2026-07-18 03:46:41'),(949,1,'2026-07-21',18,'Temporada de Lluvias','BAJA','2026-07-18 03:46:41'),(950,1,'2026-07-22',20,'Temporada de Lluvias','BAJA','2026-07-18 03:46:41'),(951,1,'2026-07-23',20,'Temporada de Lluvias','BAJA','2026-07-18 03:46:41'),(952,1,'2026-07-24',25,'Temporada de Lluvias','BAJA','2026-07-18 03:46:41'),(953,2,'2026-07-18',13,'Temporada de Lluvias','BAJA','2026-07-18 03:46:41'),(954,2,'2026-07-19',13,'Temporada de Lluvias','BAJA','2026-07-18 03:46:41'),(955,2,'2026-07-20',8,'Temporada de Lluvias','BAJA','2026-07-18 03:46:41'),(956,2,'2026-07-21',8,'Temporada de Lluvias','BAJA','2026-07-18 03:46:41'),(957,2,'2026-07-22',11,'Temporada de Lluvias','BAJA','2026-07-18 03:46:41'),(958,2,'2026-07-23',11,'Temporada de Lluvias','BAJA','2026-07-18 03:46:41'),(959,2,'2026-07-24',13,'Temporada de Lluvias','BAJA','2026-07-18 03:46:41'),(960,3,'2026-07-18',17,'Temporada de Lluvias','BAJA','2026-07-18 03:46:41'),(961,3,'2026-07-19',17,'Temporada de Lluvias','BAJA','2026-07-18 03:46:41'),(962,3,'2026-07-20',13,'Temporada de Lluvias','BAJA','2026-07-18 03:46:41'),(963,3,'2026-07-21',13,'Temporada de Lluvias','BAJA','2026-07-18 03:46:42'),(964,3,'2026-07-22',15,'Temporada de Lluvias','BAJA','2026-07-18 03:46:42'),(965,3,'2026-07-23',15,'Temporada de Lluvias','BAJA','2026-07-18 03:46:42'),(966,3,'2026-07-24',17,'Temporada de Lluvias','BAJA','2026-07-18 03:46:42'),(967,4,'2026-07-18',17,'Temporada de Lluvias','BAJA','2026-07-18 03:46:42'),(968,4,'2026-07-19',17,'Temporada de Lluvias','BAJA','2026-07-18 03:46:42'),(969,4,'2026-07-20',13,'Temporada de Lluvias','BAJA','2026-07-18 03:46:42'),(970,4,'2026-07-21',13,'Temporada de Lluvias','BAJA','2026-07-18 03:46:42'),(971,4,'2026-07-22',15,'Temporada de Lluvias','BAJA','2026-07-18 03:46:42'),(972,4,'2026-07-23',15,'Temporada de Lluvias','BAJA','2026-07-18 03:46:42'),(973,4,'2026-07-24',17,'Temporada de Lluvias','BAJA','2026-07-18 03:46:42'),(974,5,'2026-07-18',17,'Temporada de Lluvias','BAJA','2026-07-18 03:46:42'),(975,5,'2026-07-19',17,'Temporada de Lluvias','BAJA','2026-07-18 03:46:42'),(976,5,'2026-07-20',13,'Temporada de Lluvias','BAJA','2026-07-18 03:46:42'),(977,5,'2026-07-21',13,'Temporada de Lluvias','BAJA','2026-07-18 03:46:42'),(978,5,'2026-07-22',15,'Temporada de Lluvias','BAJA','2026-07-18 03:46:42'),(979,5,'2026-07-23',15,'Temporada de Lluvias','BAJA','2026-07-18 03:46:42'),(980,5,'2026-07-24',17,'Temporada de Lluvias','BAJA','2026-07-18 03:46:42'),(981,6,'2026-07-18',17,'Temporada de Lluvias','BAJA','2026-07-18 03:46:42'),(982,6,'2026-07-19',17,'Temporada de Lluvias','BAJA','2026-07-18 03:46:42'),(983,6,'2026-07-20',13,'Temporada de Lluvias','BAJA','2026-07-18 03:46:42'),(984,6,'2026-07-21',13,'Temporada de Lluvias','BAJA','2026-07-18 03:46:42'),(985,6,'2026-07-22',15,'Temporada de Lluvias','BAJA','2026-07-18 03:46:42'),(986,6,'2026-07-23',15,'Temporada de Lluvias','BAJA','2026-07-18 03:46:42'),(987,6,'2026-07-24',17,'Temporada de Lluvias','BAJA','2026-07-18 03:46:42'),(988,7,'2026-07-18',17,'Temporada de Lluvias','BAJA','2026-07-18 03:46:42'),(989,7,'2026-07-19',17,'Temporada de Lluvias','BAJA','2026-07-18 03:46:42'),(990,7,'2026-07-20',13,'Temporada de Lluvias','BAJA','2026-07-18 03:46:42'),(991,7,'2026-07-21',13,'Temporada de Lluvias','BAJA','2026-07-18 03:46:42'),(992,7,'2026-07-22',15,'Temporada de Lluvias','BAJA','2026-07-18 03:46:42'),(993,7,'2026-07-23',15,'Temporada de Lluvias','BAJA','2026-07-18 03:46:42'),(994,7,'2026-07-24',17,'Temporada de Lluvias','BAJA','2026-07-18 03:46:42'),(995,8,'2026-07-18',17,'Temporada de Lluvias','BAJA','2026-07-18 03:46:42'),(996,8,'2026-07-19',17,'Temporada de Lluvias','BAJA','2026-07-18 03:46:42'),(997,8,'2026-07-20',13,'Temporada de Lluvias','BAJA','2026-07-18 03:46:42'),(998,8,'2026-07-21',13,'Temporada de Lluvias','BAJA','2026-07-18 03:46:42'),(999,8,'2026-07-22',15,'Temporada de Lluvias','BAJA','2026-07-18 03:46:42'),(1000,8,'2026-07-23',15,'Temporada de Lluvias','BAJA','2026-07-18 03:46:42'),(1001,8,'2026-07-24',17,'Temporada de Lluvias','BAJA','2026-07-18 03:46:42'),(1002,9,'2026-07-18',17,'Temporada de Lluvias','BAJA','2026-07-18 03:54:19'),(1003,9,'2026-07-19',17,'Temporada de Lluvias','BAJA','2026-07-18 03:54:19'),(1004,9,'2026-07-20',13,'Temporada de Lluvias','BAJA','2026-07-18 03:54:19'),(1005,9,'2026-07-21',13,'Temporada de Lluvias','BAJA','2026-07-18 03:54:19'),(1006,9,'2026-07-22',15,'Temporada de Lluvias','BAJA','2026-07-18 03:54:19'),(1007,9,'2026-07-23',15,'Temporada de Lluvias','BAJA','2026-07-18 03:54:19'),(1008,9,'2026-07-24',17,'Temporada de Lluvias','BAJA','2026-07-18 03:54:19'),(1009,1,'2026-07-18',23,'Temporada de Lluvias','BAJA','2026-07-18 03:54:19'),(1010,1,'2026-07-19',23,'Temporada de Lluvias','BAJA','2026-07-18 03:54:19'),(1011,1,'2026-07-20',18,'Temporada de Lluvias','BAJA','2026-07-18 03:54:19'),(1012,1,'2026-07-21',18,'Temporada de Lluvias','BAJA','2026-07-18 03:54:19'),(1013,1,'2026-07-22',20,'Temporada de Lluvias','BAJA','2026-07-18 03:54:19'),(1014,1,'2026-07-23',20,'Temporada de Lluvias','BAJA','2026-07-18 03:54:19'),(1015,1,'2026-07-24',25,'Temporada de Lluvias','BAJA','2026-07-18 03:54:19'),(1016,2,'2026-07-18',13,'Temporada de Lluvias','BAJA','2026-07-18 03:54:19'),(1017,2,'2026-07-19',13,'Temporada de Lluvias','BAJA','2026-07-18 03:54:19'),(1018,2,'2026-07-20',8,'Temporada de Lluvias','BAJA','2026-07-18 03:54:19'),(1019,2,'2026-07-21',8,'Temporada de Lluvias','BAJA','2026-07-18 03:54:19'),(1020,2,'2026-07-22',11,'Temporada de Lluvias','BAJA','2026-07-18 03:54:19'),(1021,2,'2026-07-23',11,'Temporada de Lluvias','BAJA','2026-07-18 03:54:19'),(1022,2,'2026-07-24',13,'Temporada de Lluvias','BAJA','2026-07-18 03:54:19'),(1023,3,'2026-07-18',17,'Temporada de Lluvias','BAJA','2026-07-18 03:54:19'),(1024,3,'2026-07-19',17,'Temporada de Lluvias','BAJA','2026-07-18 03:54:19'),(1025,3,'2026-07-20',13,'Temporada de Lluvias','BAJA','2026-07-18 03:54:19'),(1026,3,'2026-07-21',13,'Temporada de Lluvias','BAJA','2026-07-18 03:54:19'),(1027,3,'2026-07-22',15,'Temporada de Lluvias','BAJA','2026-07-18 03:54:19'),(1028,3,'2026-07-23',15,'Temporada de Lluvias','BAJA','2026-07-18 03:54:19'),(1029,3,'2026-07-24',17,'Temporada de Lluvias','BAJA','2026-07-18 03:54:19'),(1030,4,'2026-07-18',17,'Temporada de Lluvias','BAJA','2026-07-18 03:54:19'),(1031,4,'2026-07-19',17,'Temporada de Lluvias','BAJA','2026-07-18 03:54:19'),(1032,4,'2026-07-20',13,'Temporada de Lluvias','BAJA','2026-07-18 03:54:19'),(1033,4,'2026-07-21',13,'Temporada de Lluvias','BAJA','2026-07-18 03:54:19'),(1034,4,'2026-07-22',15,'Temporada de Lluvias','BAJA','2026-07-18 03:54:19'),(1035,4,'2026-07-23',15,'Temporada de Lluvias','BAJA','2026-07-18 03:54:19'),(1036,4,'2026-07-24',17,'Temporada de Lluvias','BAJA','2026-07-18 03:54:19'),(1037,5,'2026-07-18',17,'Temporada de Lluvias','BAJA','2026-07-18 03:54:19'),(1038,5,'2026-07-19',17,'Temporada de Lluvias','BAJA','2026-07-18 03:54:19'),(1039,5,'2026-07-20',13,'Temporada de Lluvias','BAJA','2026-07-18 03:54:19'),(1040,5,'2026-07-21',13,'Temporada de Lluvias','BAJA','2026-07-18 03:54:19'),(1041,5,'2026-07-22',15,'Temporada de Lluvias','BAJA','2026-07-18 03:54:19'),(1042,5,'2026-07-23',15,'Temporada de Lluvias','BAJA','2026-07-18 03:54:19'),(1043,5,'2026-07-24',17,'Temporada de Lluvias','BAJA','2026-07-18 03:54:19'),(1044,6,'2026-07-18',17,'Temporada de Lluvias','BAJA','2026-07-18 03:54:19'),(1045,6,'2026-07-19',17,'Temporada de Lluvias','BAJA','2026-07-18 03:54:19'),(1046,6,'2026-07-20',13,'Temporada de Lluvias','BAJA','2026-07-18 03:54:19'),(1047,6,'2026-07-21',13,'Temporada de Lluvias','BAJA','2026-07-18 03:54:19'),(1048,6,'2026-07-22',15,'Temporada de Lluvias','BAJA','2026-07-18 03:54:19'),(1049,6,'2026-07-23',15,'Temporada de Lluvias','BAJA','2026-07-18 03:54:19'),(1050,6,'2026-07-24',17,'Temporada de Lluvias','BAJA','2026-07-18 03:54:19'),(1051,7,'2026-07-18',17,'Temporada de Lluvias','BAJA','2026-07-18 03:54:19'),(1052,7,'2026-07-19',17,'Temporada de Lluvias','BAJA','2026-07-18 03:54:19'),(1053,7,'2026-07-20',13,'Temporada de Lluvias','BAJA','2026-07-18 03:54:19'),(1054,7,'2026-07-21',13,'Temporada de Lluvias','BAJA','2026-07-18 03:54:19'),(1055,7,'2026-07-22',15,'Temporada de Lluvias','BAJA','2026-07-18 03:54:19'),(1056,7,'2026-07-23',15,'Temporada de Lluvias','BAJA','2026-07-18 03:54:19'),(1057,7,'2026-07-24',17,'Temporada de Lluvias','BAJA','2026-07-18 03:54:19'),(1058,8,'2026-07-18',17,'Temporada de Lluvias','BAJA','2026-07-18 03:54:19'),(1059,8,'2026-07-19',17,'Temporada de Lluvias','BAJA','2026-07-18 03:54:19'),(1060,8,'2026-07-20',13,'Temporada de Lluvias','BAJA','2026-07-18 03:54:19'),(1061,8,'2026-07-21',13,'Temporada de Lluvias','BAJA','2026-07-18 03:54:19'),(1062,8,'2026-07-22',15,'Temporada de Lluvias','BAJA','2026-07-18 03:54:19'),(1063,8,'2026-07-23',15,'Temporada de Lluvias','BAJA','2026-07-18 03:54:19'),(1064,8,'2026-07-24',17,'Temporada de Lluvias','BAJA','2026-07-18 03:54:19'),(1065,9,'2026-07-18',17,'Temporada de Lluvias','BAJA','2026-07-18 04:10:18'),(1066,9,'2026-07-19',17,'Temporada de Lluvias','BAJA','2026-07-18 04:10:18'),(1067,9,'2026-07-20',13,'Temporada de Lluvias','BAJA','2026-07-18 04:10:18'),(1068,9,'2026-07-21',13,'Temporada de Lluvias','BAJA','2026-07-18 04:10:18'),(1069,9,'2026-07-22',15,'Temporada de Lluvias','BAJA','2026-07-18 04:10:18'),(1070,9,'2026-07-23',15,'Temporada de Lluvias','BAJA','2026-07-18 04:10:18'),(1071,9,'2026-07-24',17,'Temporada de Lluvias','BAJA','2026-07-18 04:10:18'),(1072,1,'2026-07-18',23,'Temporada de Lluvias','BAJA','2026-07-18 04:10:18'),(1073,1,'2026-07-19',23,'Temporada de Lluvias','BAJA','2026-07-18 04:10:18'),(1074,1,'2026-07-20',18,'Temporada de Lluvias','BAJA','2026-07-18 04:10:18'),(1075,1,'2026-07-21',18,'Temporada de Lluvias','BAJA','2026-07-18 04:10:18'),(1076,1,'2026-07-22',20,'Temporada de Lluvias','BAJA','2026-07-18 04:10:18'),(1077,1,'2026-07-23',20,'Temporada de Lluvias','BAJA','2026-07-18 04:10:18'),(1078,1,'2026-07-24',25,'Temporada de Lluvias','BAJA','2026-07-18 04:10:18'),(1079,2,'2026-07-18',13,'Temporada de Lluvias','BAJA','2026-07-18 04:10:18'),(1080,2,'2026-07-19',13,'Temporada de Lluvias','BAJA','2026-07-18 04:10:18'),(1081,2,'2026-07-20',8,'Temporada de Lluvias','BAJA','2026-07-18 04:10:18'),(1082,2,'2026-07-21',8,'Temporada de Lluvias','BAJA','2026-07-18 04:10:18'),(1083,2,'2026-07-22',11,'Temporada de Lluvias','BAJA','2026-07-18 04:10:18'),(1084,2,'2026-07-23',11,'Temporada de Lluvias','BAJA','2026-07-18 04:10:18'),(1085,2,'2026-07-24',13,'Temporada de Lluvias','BAJA','2026-07-18 04:10:18'),(1086,3,'2026-07-18',17,'Temporada de Lluvias','BAJA','2026-07-18 04:10:18'),(1087,3,'2026-07-19',17,'Temporada de Lluvias','BAJA','2026-07-18 04:10:18'),(1088,3,'2026-07-20',13,'Temporada de Lluvias','BAJA','2026-07-18 04:10:18'),(1089,3,'2026-07-21',13,'Temporada de Lluvias','BAJA','2026-07-18 04:10:18'),(1090,3,'2026-07-22',15,'Temporada de Lluvias','BAJA','2026-07-18 04:10:18'),(1091,3,'2026-07-23',15,'Temporada de Lluvias','BAJA','2026-07-18 04:10:18'),(1092,3,'2026-07-24',17,'Temporada de Lluvias','BAJA','2026-07-18 04:10:18'),(1093,4,'2026-07-18',17,'Temporada de Lluvias','BAJA','2026-07-18 04:10:18'),(1094,4,'2026-07-19',17,'Temporada de Lluvias','BAJA','2026-07-18 04:10:18'),(1095,4,'2026-07-20',13,'Temporada de Lluvias','BAJA','2026-07-18 04:10:18'),(1096,4,'2026-07-21',13,'Temporada de Lluvias','BAJA','2026-07-18 04:10:18'),(1097,4,'2026-07-22',15,'Temporada de Lluvias','BAJA','2026-07-18 04:10:18'),(1098,4,'2026-07-23',15,'Temporada de Lluvias','BAJA','2026-07-18 04:10:18'),(1099,4,'2026-07-24',17,'Temporada de Lluvias','BAJA','2026-07-18 04:10:18'),(1100,5,'2026-07-18',17,'Temporada de Lluvias','BAJA','2026-07-18 04:10:18'),(1101,5,'2026-07-19',17,'Temporada de Lluvias','BAJA','2026-07-18 04:10:18'),(1102,5,'2026-07-20',13,'Temporada de Lluvias','BAJA','2026-07-18 04:10:18'),(1103,5,'2026-07-21',13,'Temporada de Lluvias','BAJA','2026-07-18 04:10:18'),(1104,5,'2026-07-22',15,'Temporada de Lluvias','BAJA','2026-07-18 04:10:18'),(1105,5,'2026-07-23',15,'Temporada de Lluvias','BAJA','2026-07-18 04:10:18'),(1106,5,'2026-07-24',17,'Temporada de Lluvias','BAJA','2026-07-18 04:10:18'),(1107,6,'2026-07-18',17,'Temporada de Lluvias','BAJA','2026-07-18 04:10:18'),(1108,6,'2026-07-19',17,'Temporada de Lluvias','BAJA','2026-07-18 04:10:18'),(1109,6,'2026-07-20',13,'Temporada de Lluvias','BAJA','2026-07-18 04:10:18'),(1110,6,'2026-07-21',13,'Temporada de Lluvias','BAJA','2026-07-18 04:10:18'),(1111,6,'2026-07-22',15,'Temporada de Lluvias','BAJA','2026-07-18 04:10:18'),(1112,6,'2026-07-23',15,'Temporada de Lluvias','BAJA','2026-07-18 04:10:18'),(1113,6,'2026-07-24',17,'Temporada de Lluvias','BAJA','2026-07-18 04:10:18'),(1114,7,'2026-07-18',17,'Temporada de Lluvias','BAJA','2026-07-18 04:10:18'),(1115,7,'2026-07-19',17,'Temporada de Lluvias','BAJA','2026-07-18 04:10:18'),(1116,7,'2026-07-20',13,'Temporada de Lluvias','BAJA','2026-07-18 04:10:18'),(1117,7,'2026-07-21',13,'Temporada de Lluvias','BAJA','2026-07-18 04:10:18'),(1118,7,'2026-07-22',15,'Temporada de Lluvias','BAJA','2026-07-18 04:10:18'),(1119,7,'2026-07-23',15,'Temporada de Lluvias','BAJA','2026-07-18 04:10:18'),(1120,7,'2026-07-24',17,'Temporada de Lluvias','BAJA','2026-07-18 04:10:18'),(1121,8,'2026-07-18',17,'Temporada de Lluvias','BAJA','2026-07-18 04:10:18'),(1122,8,'2026-07-19',17,'Temporada de Lluvias','BAJA','2026-07-18 04:10:18'),(1123,8,'2026-07-20',13,'Temporada de Lluvias','BAJA','2026-07-18 04:10:18'),(1124,8,'2026-07-21',13,'Temporada de Lluvias','BAJA','2026-07-18 04:10:18'),(1125,8,'2026-07-22',15,'Temporada de Lluvias','BAJA','2026-07-18 04:10:18'),(1126,8,'2026-07-23',15,'Temporada de Lluvias','BAJA','2026-07-18 04:10:18'),(1127,8,'2026-07-24',17,'Temporada de Lluvias','BAJA','2026-07-18 04:10:18'),(1128,9,'2026-07-18',17,'Temporada de Lluvias','BAJA','2026-07-18 04:11:44'),(1129,9,'2026-07-19',17,'Temporada de Lluvias','BAJA','2026-07-18 04:11:44'),(1130,9,'2026-07-20',13,'Temporada de Lluvias','BAJA','2026-07-18 04:11:44'),(1131,9,'2026-07-21',13,'Temporada de Lluvias','BAJA','2026-07-18 04:11:44'),(1132,9,'2026-07-22',15,'Temporada de Lluvias','BAJA','2026-07-18 04:11:44'),(1133,9,'2026-07-23',15,'Temporada de Lluvias','BAJA','2026-07-18 04:11:44'),(1134,9,'2026-07-24',17,'Temporada de Lluvias','BAJA','2026-07-18 04:11:44'),(1135,1,'2026-07-18',23,'Temporada de Lluvias','BAJA','2026-07-18 04:11:44'),(1136,1,'2026-07-19',23,'Temporada de Lluvias','BAJA','2026-07-18 04:11:44'),(1137,1,'2026-07-20',18,'Temporada de Lluvias','BAJA','2026-07-18 04:11:44'),(1138,1,'2026-07-21',18,'Temporada de Lluvias','BAJA','2026-07-18 04:11:44'),(1139,1,'2026-07-22',20,'Temporada de Lluvias','BAJA','2026-07-18 04:11:44'),(1140,1,'2026-07-23',20,'Temporada de Lluvias','BAJA','2026-07-18 04:11:44'),(1141,1,'2026-07-24',25,'Temporada de Lluvias','BAJA','2026-07-18 04:11:44'),(1142,2,'2026-07-18',13,'Temporada de Lluvias','BAJA','2026-07-18 04:11:44'),(1143,2,'2026-07-19',13,'Temporada de Lluvias','BAJA','2026-07-18 04:11:44'),(1144,2,'2026-07-20',8,'Temporada de Lluvias','BAJA','2026-07-18 04:11:44'),(1145,2,'2026-07-21',8,'Temporada de Lluvias','BAJA','2026-07-18 04:11:44'),(1146,2,'2026-07-22',11,'Temporada de Lluvias','BAJA','2026-07-18 04:11:44'),(1147,2,'2026-07-23',11,'Temporada de Lluvias','BAJA','2026-07-18 04:11:44'),(1148,2,'2026-07-24',13,'Temporada de Lluvias','BAJA','2026-07-18 04:11:44'),(1149,3,'2026-07-18',17,'Temporada de Lluvias','BAJA','2026-07-18 04:11:44'),(1150,3,'2026-07-19',17,'Temporada de Lluvias','BAJA','2026-07-18 04:11:44'),(1151,3,'2026-07-20',13,'Temporada de Lluvias','BAJA','2026-07-18 04:11:44'),(1152,3,'2026-07-21',13,'Temporada de Lluvias','BAJA','2026-07-18 04:11:44'),(1153,3,'2026-07-22',15,'Temporada de Lluvias','BAJA','2026-07-18 04:11:44'),(1154,3,'2026-07-23',15,'Temporada de Lluvias','BAJA','2026-07-18 04:11:44'),(1155,3,'2026-07-24',17,'Temporada de Lluvias','BAJA','2026-07-18 04:11:44'),(1156,4,'2026-07-18',17,'Temporada de Lluvias','BAJA','2026-07-18 04:11:44'),(1157,4,'2026-07-19',17,'Temporada de Lluvias','BAJA','2026-07-18 04:11:44'),(1158,4,'2026-07-20',13,'Temporada de Lluvias','BAJA','2026-07-18 04:11:44'),(1159,4,'2026-07-21',13,'Temporada de Lluvias','BAJA','2026-07-18 04:11:44'),(1160,4,'2026-07-22',15,'Temporada de Lluvias','BAJA','2026-07-18 04:11:44'),(1161,4,'2026-07-23',15,'Temporada de Lluvias','BAJA','2026-07-18 04:11:44'),(1162,4,'2026-07-24',17,'Temporada de Lluvias','BAJA','2026-07-18 04:11:44'),(1163,5,'2026-07-18',17,'Temporada de Lluvias','BAJA','2026-07-18 04:11:44'),(1164,5,'2026-07-19',17,'Temporada de Lluvias','BAJA','2026-07-18 04:11:44'),(1165,5,'2026-07-20',13,'Temporada de Lluvias','BAJA','2026-07-18 04:11:44'),(1166,5,'2026-07-21',13,'Temporada de Lluvias','BAJA','2026-07-18 04:11:44'),(1167,5,'2026-07-22',15,'Temporada de Lluvias','BAJA','2026-07-18 04:11:44'),(1168,5,'2026-07-23',15,'Temporada de Lluvias','BAJA','2026-07-18 04:11:44'),(1169,5,'2026-07-24',17,'Temporada de Lluvias','BAJA','2026-07-18 04:11:44'),(1170,6,'2026-07-18',17,'Temporada de Lluvias','BAJA','2026-07-18 04:11:44'),(1171,6,'2026-07-19',17,'Temporada de Lluvias','BAJA','2026-07-18 04:11:44'),(1172,6,'2026-07-20',13,'Temporada de Lluvias','BAJA','2026-07-18 04:11:44'),(1173,6,'2026-07-21',13,'Temporada de Lluvias','BAJA','2026-07-18 04:11:44'),(1174,6,'2026-07-22',15,'Temporada de Lluvias','BAJA','2026-07-18 04:11:44'),(1175,6,'2026-07-23',15,'Temporada de Lluvias','BAJA','2026-07-18 04:11:44'),(1176,6,'2026-07-24',17,'Temporada de Lluvias','BAJA','2026-07-18 04:11:44'),(1177,7,'2026-07-18',17,'Temporada de Lluvias','BAJA','2026-07-18 04:11:44'),(1178,7,'2026-07-19',17,'Temporada de Lluvias','BAJA','2026-07-18 04:11:44'),(1179,7,'2026-07-20',13,'Temporada de Lluvias','BAJA','2026-07-18 04:11:44'),(1180,7,'2026-07-21',13,'Temporada de Lluvias','BAJA','2026-07-18 04:11:44'),(1181,7,'2026-07-22',15,'Temporada de Lluvias','BAJA','2026-07-18 04:11:44'),(1182,7,'2026-07-23',15,'Temporada de Lluvias','BAJA','2026-07-18 04:11:44'),(1183,7,'2026-07-24',17,'Temporada de Lluvias','BAJA','2026-07-18 04:11:44'),(1184,8,'2026-07-18',17,'Temporada de Lluvias','BAJA','2026-07-18 04:11:44'),(1185,8,'2026-07-19',17,'Temporada de Lluvias','BAJA','2026-07-18 04:11:44'),(1186,8,'2026-07-20',13,'Temporada de Lluvias','BAJA','2026-07-18 04:11:44'),(1187,8,'2026-07-21',13,'Temporada de Lluvias','BAJA','2026-07-18 04:11:44'),(1188,8,'2026-07-22',15,'Temporada de Lluvias','BAJA','2026-07-18 04:11:44'),(1189,8,'2026-07-23',15,'Temporada de Lluvias','BAJA','2026-07-18 04:11:44'),(1190,8,'2026-07-24',17,'Temporada de Lluvias','BAJA','2026-07-18 04:11:44');
/*!40000 ALTER TABLE `predicciones_demanda` ENABLE KEYS */;
UNLOCK TABLES;

--
-- Table structure for table `roles`
--

DROP TABLE IF EXISTS `roles`;
/*!40101 SET @saved_cs_client     = @@character_set_client */;
/*!50503 SET character_set_client = utf8mb4 */;
CREATE TABLE `roles` (
  `id_rol` int NOT NULL,
  `nombre_rol` varchar(50) NOT NULL,
  PRIMARY KEY (`id_rol`)
) ENGINE=InnoDB DEFAULT CHARSET=utf8mb4 COLLATE=utf8mb4_0900_ai_ci;
/*!40101 SET character_set_client = @saved_cs_client */;

--
-- Dumping data for table `roles`
--

LOCK TABLES `roles` WRITE;
/*!40000 ALTER TABLE `roles` DISABLE KEYS */;
INSERT INTO `roles` VALUES (1,'Super Admin'),(2,'Administrador'),(3,'Cajero');
/*!40000 ALTER TABLE `roles` ENABLE KEYS */;
UNLOCK TABLES;

--
-- Table structure for table `usuarios`
--

DROP TABLE IF EXISTS `usuarios`;
/*!40101 SET @saved_cs_client     = @@character_set_client */;
/*!50503 SET character_set_client = utf8mb4 */;
CREATE TABLE `usuarios` (
  `id_usuario` int NOT NULL AUTO_INCREMENT,
  `pri_nom` varchar(100) NOT NULL,
  `seg_nom` varchar(100) DEFAULT NULL,
  `pri_ape` varchar(100) NOT NULL,
  `seg_ape` varchar(100) DEFAULT NULL,
  `usuario` varchar(100) NOT NULL,
  `contrasena` varchar(255) NOT NULL,
  `id_rol` int NOT NULL,
  PRIMARY KEY (`id_usuario`),
  UNIQUE KEY `usuario` (`usuario`),
  KEY `id_rol` (`id_rol`),
  CONSTRAINT `usuarios_ibfk_1` FOREIGN KEY (`id_rol`) REFERENCES `roles` (`id_rol`)
) ENGINE=InnoDB AUTO_INCREMENT=5 DEFAULT CHARSET=utf8mb4 COLLATE=utf8mb4_0900_ai_ci;
/*!40101 SET character_set_client = @saved_cs_client */;

--
-- Dumping data for table `usuarios`
--

LOCK TABLES `usuarios` WRITE;
/*!40000 ALTER TABLE `usuarios` DISABLE KEYS */;
INSERT INTO `usuarios` VALUES (1,'Administrador','Sistema','Farma','Norte','superadmin','$2b$12$P9VCS/UtI9HlVa0GZjEjQ.f6TB2rNu2p13OGDV4BC3.xcY4aEWjk6',1),(2,'pepe',NULL,'Emeregildo',NULL,'pepe_gildo','$2b$12$GUNH6y7quSZ.j3cXt7qJmugCi9f0ysk2HYcNpmVKZcd/NfLY.r7vO',3),(3,'Ingeniero',NULL,'Sistemas',NULL,'prueba_ing','$2b$12$EixZaYVK1fsYwnwK7vBPD.Cun.y92E2sQG9bEubg9p2vWExu.mO9y',1),(4,'Gianluca','Felice','Strippoli','Revilla','Gianb','$2b$12$ANO54.3uE2FIaG2OPxBs6.ZqXINsCU6KfiLSDMsikb8Mbg84.uz/u',3);
/*!40000 ALTER TABLE `usuarios` ENABLE KEYS */;
UNLOCK TABLES;
/*!40103 SET TIME_ZONE=@OLD_TIME_ZONE */;

/*!40101 SET SQL_MODE=@OLD_SQL_MODE */;
/*!40014 SET FOREIGN_KEY_CHECKS=@OLD_FOREIGN_KEY_CHECKS */;
/*!40014 SET UNIQUE_CHECKS=@OLD_UNIQUE_CHECKS */;
/*!40101 SET CHARACTER_SET_CLIENT=@OLD_CHARACTER_SET_CLIENT */;
/*!40101 SET CHARACTER_SET_RESULTS=@OLD_CHARACTER_SET_RESULTS */;
/*!40101 SET COLLATION_CONNECTION=@OLD_COLLATION_CONNECTION */;
/*!40111 SET SQL_NOTES=@OLD_SQL_NOTES */;

-- Dump completed on 2026-07-17 23:52:24
